product_id,product_category_name,product_name_lenght,product_description_lenght,product_photos_qty,product_weight_g,product_length_cm,product_height_cm,product_width_cm
c18c71fc3e7dd0c2baf6c1acdf4e3e38,ferramentas_jardim,41,2064,5,930,57,37,33
bc6dd7cfadc9d0be5b2ceaeac3de61ea,moveis_decoracao,61,2779,7,4884,67,21,15
bcddfb2caee4b2e6a0bce4bd0b1beab8,brinquedos,34,2879,7,4412,57,42,57
4aae88dfacfefc5d58340beabddcdecb,ferramentas_jardim,54,649,4,1857,54,39,21
eb2e036c6b942c9d11d409fbaadef25b,esporte_lazer,34,446,3,4155,55,56,55
fbc5faa1c8594d3fc53fcdcb71c75e5f,cama_mesa_banho,62,800,3,381,16,17,20
0bf1dc4fe69a0d2dc4ecf36b0633c284,utilidades_domesticas,20,3387,4,3313,55,58,13
1ae95caa4a914eeb51b11020bd8630b7,bebes,37,1302,4,2678,65,35,17
3d26ebcf69ef4e2ae942a8d8bd7de5d4,papelaria,48,3859,5,3002,22,5,16
aaa6d319aa3b5b2d103b77aaadcad61a,telefonia,21,1863,7,2289,55,52,46
7f2bda33412ebe2dc23d7dae3b4c7a85,beleza_saude,52,3157,2,2160,37,48,27
fbfd0c873b0eca9ecc45d9fceebbff73,automotivo,66,827,2,3609,63,42,21
b3693c5fc4bef60e7afeadaabbbd5f3e,bebes,20,1353,4,2122,74,52,47
e1cfd35ec4bb7bb863fcfd2e2fc3cadb,perfumaria,21,596,4,3146,57,21,11
1b9fde2c5cccd9aec7ce3fc3ddd1dcb3,beleza_saude,36,3189,7,4715,51,10,58
d1c47fbfaaf7eaf8be27f5854b47b4ed,relogios_presentes,27,1146,7,2569,23,32,9
5d91af3baec3358fe16fc206b39eae51,telefonia,35,3813,3,4473,48,41,43
e3afdaab29fb149dd4aaffe77cc8ec62,informatica_acessorios,47,233,7,2427,55,35,41
e6c67f33b708ffeeb9cafadcbd0dd3eb,beleza_saude,37,3390,2,3300,50,32,6
95efafb7be14a0235daba10aabf20b0c,telefonia,39,285,4,3470,46,46,24
fc829dcf24bfb0ea55ed65cea47a8cb2,informatica_acessorios,35,1847,2,4029,66,27,48
30328eaf1ed48af1f0a4f05f4c4f012e,informatica_acessorios,21,703,2,2000,26,33,48
8e04fa0ef97cbba4270e8bef1f90fc81,eletrodomesticos,42,1852,1,1473,66,49,10
a6e70785a3e5e2b25619de3ed8b5678e,esporte_lazer,20,3340,2,2915,67,48,35
77451a30bc0cdd648dd0e679cc2dc82c,automotivo,38,3117,5,4207,45,56,47
7ef4440a733c686deb1cd59ff34acbcf,papelaria,23,1246,6,668,59,23,16
c582161b380be5f43d0bd4cae777f43e,bebes,46,3733,7,2080,10,53,54
c3ca6c52cee8e1b0ac7dcf1e7dfdac50,bebes,50,2551,4,161,21,12,55
0cfff5b0c2f1656b30af4dbc50691fd4,bebes,22,2270,3,129,74,6,52
b8ad2e6cc5a2a0057c852b8a0c8fcc1a,eletrodomesticos,58,3195,2,4417,51,27,42
d1ed18407c12d3c0e0ce827ff6fbca5a,papelaria,37,1189,3,2889,52,18,18
5e4fce373a4c6bfcdab819d95cccd86b,brinquedos,67,2108,7,1717,30,20,34
8ac8cdb88afa8f266378cf32dcdd4607,eletrodomesticos,58,2052,3,4804,50,26,5
96a9bea3a7d9eac07c5ecdc2ebd4cfc9,ferramentas_jardim,48,2522,7,1230,21,59,35
f6d4e9be4a5d45a05cfbb77a9b993e3e,cama_mesa_banho,21,512,4,3125,27,25,45
4bc45cbdb2fa1323da0eef87bfe7a5fe,moveis_decoracao,68,2015,3,1869,19,7,50
aea3a7eaddbe6761fb01b75efdbf4ee0,automotivo,21,3301,2,3504,76,46,45
fd986cc6e38e1e39131ecda62f47fd53,moveis_decoracao,33,2432,5,2183,12,55,15
7dea4ffc10845f4e0f9afecfe33dda2b,bebes,68,3735,1,3722,54,17,49
b76c4edb68db83e1480fbcca95aab80a,automotivo,25,1069,7,3739,17,12,19
ae60e81d49e8c799985d2fe4836e17ab,informatica_acessorios,23,812,5,136,30,22,58
c0f16ce4cbf1a6a3dbcc5019bfd09af3,telefonia,68,3397,3,2683,45,52,46
c00ceebbca4acd0cb9b9cead81f65add,utilidades_domesticas,65,2249,7,3743,61,41,23
b4cacd6fc98d5aab202cbce4eb4e3a9f,relogios_presentes,50,1490,5,1348,65,36,44
35b2b8a651a6edbe218d4a165ad5dffc,informatica_acessorios,31,3187,6,813,34,42,53
792083ec815edc5abd7bff9aa5e8deda,utilidades_domesticas,56,1939,3,4558,71,54,21
e894cafedb8fafe85d9bd09ec22ffb47,cama_mesa_banho,41,1050,7,4348,22,18,35
1cc31ddeeb82c195e92b5aa96d1d5a3b,bebes,40,1893,3,3402,72,55,30
45f47931bdbf3d6d38e8fbadbd6aae4b,automotivo,61,2807,2,3990,34,39,44
9dfe76dadadb8acc7ee4e3a7883347b4,automotivo,67,3798,6,2579,38,29,57
95879ec88b6378d4bcb7369ed2c80270,brinquedos,30,2145,5,210,54,19,20
bdbcbf7db5dc8c7ea12b2a7fa47ae7cd,esporte_lazer,51,134,2,2329,50,11,24
05cde2e31eacf3bc4b00ed53b1ad9eb8,brinquedos,35,2184,3,109,47,51,37
67adb4b8ce8cd4431f3dc0f8e6afbde0,bebes,38,1981,1,1259,40,37,31
0dcc3fed089fafac0b69a5ca556edeba,relogios_presentes,68,2585,1,2670,50,7,26
8bea0c7f7d0a3afadfccb4f9ac0ea1a0,moveis_decoracao,63,1491,4,1183,15,22,47
bdf163af6ac8bc540901804dfd51beec,informatica_acessorios,69,2674,6,3282,56,28,8
968ae8c91aaf0eeb87dabe7feccfcf3d,beleza_saude,40,3473,4,3833,13,16,21
a70cae3bef0f35d8bf7cbdcacf78f8e9,cama_mesa_banho,37,3952,4,3344,55,28,58
a04bc026ef2d85fb236b17d1a1cf9ea7,perfumaria,31,234,6,3303,28,52,13
ce7a6810ab70afafddab4ebebfc2ea3c,automotivo,32,702,2,3673,59,40,52
2e3deee7df0eb7b686aec7cff80deba9,moveis_decoracao,23,2519,1,4782,54,46,36
8d20cedd82ebb5afb1da2d6a4b9c2f7d,informatica_acessorios,39,2775,6,972,71,44,9
8d501491e7d378c0aa9e0f45ab5b7df4,telefonia,66,802,5,735,23,40,42
ee9fc9afaf6dc66f39e973bb8cf1529d,papelaria,54,1438,6,341,69,21,39
34caf752ea017f76c0eded29ab27ea06,brinquedos,65,1096,3,4158,70,17,32
52fce604dd5aaa8d915d821ef34da672,utilidades_domesticas,36,2116,3,125,74,40,30
d3be647b7dced36a6f0c2dafae98fb87,esporte_lazer,25,377,4,3280,28,45,26
d4b57f0e3ac3cbf89e80c10dbcc2626b,cama_mesa_banho,20,2194,2,170,19,20,33
12a0fe7be19bad053f193ba03dd4975d,automotivo,69,951,1,1037,32,16,22
11d92ebaa1a6ba8f36f4abff8bbaaceb,automotivo,68,1579,5,3455,19,18,27
0ef832bcfcbde0314ad7dce2ec46b09b,papelaria,43,151,5,1573,32,38,57
9b95c57eee8cdbb769aaf1522f9eda4d,informatica_acessorios,63,3920,3,686,25,23,21
59ffb024bbac0af62ba42eeeb84372e9,esporte_lazer,30,688,2,3325,44,7,36
c561edb403cf28b6f59f645f3f34e5e5,bebes,62,1760,3,1435,36,20,55
4f8f16d58d01bfd0cadb9bafaaecbe26,beleza_saude,69,1438,7,4282,15,31,41
5b2f25d1ac0e9c6cacb2e2f936afb6fc,eletrodomesticos,41,1881,4,3475,30,37,18
ea29ecfc5e5fcafceca57e18baefbbe7,bebes,64,430,1,284,34,38,59
45e61e809fce1e2c41f74dcf3f8b83b3,esporte_lazer,42,810,3,723,43,45,6
ed1532af8eafff3e8d4bfd050305dcb1,beleza_saude,58,991,5,4095,64,41,43
b1de8eadb5d76308a3c2ff0570eadc15,esporte_lazer,29,629,3,3080,53,47,21
c911ea36c9fce57a3fabcf9be8d0dbbc,esporte_lazer,63,1851,2,3703,18,27,47
6ea4c3bfbbdfebbc07d3cadafb00fddc,telefonia,58,1100,2,256,16,50,48
caef9e21de4d2a3ba5f95cd8e18ba8de,bebes,45,2323,3,1041,10,41,6
f7a5c46a9a87ac0a59aeb8e083d2cd96,automotivo,25,3191,5,2499,25,13,30
94b47eaabb99b0da7ba01bf068756c0b,bebes,37,2183,2,1234,17,28,20
ddc3e45c1f663acfb50d9ddae85bfff0,automotivo,31,2243,4,1129,58,23,23
fe4f3b22725f4eb1b2fec6ecdaa08594,relogios_presentes,43,642,3,2953,19,36,7
ce0dd2916ba0fbd4d99fdfdf2775a336,utilidades_domesticas,50,238,2,1815,53,44,30
dfac3fceadcbcabc9e1b4dfb598a8fca,ferramentas_jardim,26,1611,6,542,60,26,5
1bc54efaa7edef91d30bef42dc064ad0,moveis_decoracao,54,204,3,1055,50,8,10
a21de1b9e495e7931f226f4d45e72bd5,telefonia,46,3976,1,2357,66,20,32
5fdedbeca245f5b860c1a6eb1dee36df,cama_mesa_banho,61,2939,3,3778,57,32,29
9660dfe7a6c83f67dfead2f06db81008,ferramentas_jardim,66,3509,7,3409,35,11,11
d810a028ce9e1c4878c3e9a9dffaeaf3,automotivo,67,1516,1,1194,11,34,37
d43c14a2ec4a0b20d4b2dcf8cbab4236,ferramentas_jardim,38,3002,4,4803,63,9,20
4facf04a50583f4b58bdf53f021efc5f,eletrodomesticos,57,2196,6,1742,12,48,48
83f5ba8e2346fc5162993aac8acbeefe,perfumaria,51,1677,1,3666,56,41,14
bdacb532dc71e6b6d7af50becaccbced,moveis_decoracao,56,2925,7,2879,61,27,43
179c6efb8ab7237d1adeaffde6e30b2b,relogios_presentes,54,3140,6,115,64,48,34
8bbdeff55e81ddf03def5f2d1d9f9ae4,utilidades_domesticas,45,2918,4,2128,66,48,16
af3276fbbb67a75ecc4bfbbbface2458,bebes,61,1373,1,4404,26,16,19
1c5a8661c4d813ecbea8dc30ad3218f7,perfumaria,44,747,2,2023,25,15,55
df0f0eced23ecd3ddddfbb0e968ebdff,informatica_acessorios,49,153,1,4088,28,13,41
013538d3c73fb3b18f7fa5540f56b8fc,eletrodomesticos,61,1654,6,2165,17,48,55
abacfb734e82d1bf51f43bdafe444fce,perfumaria,69,490,4,3154,15,57,10
0a5bce87bf2decedb12a09c7c7211895,cama_mesa_banho,33,3877,4,3428,44,46,9
8f0bf9cb144ec0e6e1802d0b4edbe5ee,relogios_presentes,53,359,2,2580,41,13,48
f6279bdf2aafa8c8200ee7c965a6fec0,utilidades_domesticas,35,3478,1,1262,30,37,27
7fdbec8da1e7d0af7b9fcbec2dfdda9d,moveis_decoracao,27,2327,7,754,27,31,44
f401adf981cb0bf1f7ebae0898bbc28e,automotivo,26,1001,2,3118,15,41,28
e7af782df3bccd01beb9be1b54302d22,automotivo,36,3462,6,4034,71,17,52
933fa5a639bdbabdcaa1190bdaefacfb,moveis_decoracao,28,1390,4,3747,50,35,25
b3f6fce4b85728c3fd0722d358908dc6,papelaria,49,1952,4,2970,52,23,12
cf37d16ba48d60c3cfc12aaa4a5adead,cama_mesa_banho,34,1694,2,970,76,20,45
c346fca94d9ddf98ffeedfc31dcf9f9c,cama_mesa_banho,26,3891,2,2029,64,16,35
b0d3dbdab0b919f4edf0ceeebebc2d3a,telefonia,59,192,1,3963,28,55,56
fec3bd22c903438fa26d4c4d5af2ddc1,bebes,64,3987,6,1979,79,24,37
cfa69cbdd3b4aecf1c31add2eb51d211,telefonia,20,3854,5,4749,34,22,33
dd122931a4755fd4b4088bd29a3ff237,telefonia,63,2240,6,1150,64,45,54
bda288800884eb6d4efbbdaf80a2ab33,automotivo,22,1598,1,2060,63,40,46
0dfafad084d8e5a7aa78e8cee3aed016,eletrodomesticos,56,3969,7,2972,71,7,44
83a3590a4f2fe6dbe7fdeff8cbcd0cb2,esporte_lazer,46,3831,4,975,60,57,5
69ab5f27d8fc86cec7bfb12b7a8cbf87,automotivo,23,2679,4,2788,16,36,36
ea5d1be275f3ba3386cbc6d29abe43df,ferramentas_jardim,62,1621,3,499,49,40,20
001cd565c79a7f81d99a6d75f9aba166,brinquedos,56,3758,2,2906,58,6,14
05fcbda96a1a8a806e7a38aff0dc8dbf,eletrodomesticos,39,635,3,822,72,37,23
d9ed40d8f8ad9b6d7eab36b6d4bbfece,beleza_saude,58,171,5,3448,66,17,37
bbbd93a136fdabf0d02adfe4dcb799bf,brinquedos,58,3209,2,4884,29,26,15
eb994babbe2da8bff528bcfb24ebf6cf,telefonia,27,1096,1,3690,51,26,35
caf74befbbe0c4dfbab51df5f09de42d,informatica_acessorios,50,818,3,4422,10,57,58
1cbcbcb48beeb75c3e7db5d51e1d3e2e,utilidades_domesticas,32,1350,2,2847,24,48,26
1ec0ebae45b33e9e1bd13515c4c670aa,perfumaria,68,3427,3,3020,11,8,32
3eaffabb77c0ba43bd7b8eced9e41dc4,relogios_presentes,43,1653,1,4215,38,30,27
d83feceb3af114dca3a85f12e223f56a,relogios_presentes,44,2628,6,2792,21,53,20
bbbd14ee9d7cbb5adaa4bac50eb3d6a7,moveis_decoracao,20,252,6,1996,11,49,21
842468b2e3efeff2dbb0fca81e042323,cama_mesa_banho,68,3530,1,3483,52,14,23
4b64ddf2d8b6787ee8ed0426dd416e60,papelaria,44,669,6,1458,75,49,39
81751afb4ee374f4c5d55bb129ff6422,cama_mesa_banho,25,196,2,2548,64,13,43
f2bfc7dccead90abef7ea3ccbadc8ffe,utilidades_domesticas,22,1135,5,4159,64,34,6
ecc1d66b12c7b93fddd00c6bfba7a034,ferramentas_jardim,34,3155,1,3561,59,46,16
9ccfb0774a11e8554cfd97a90adced3b,cama_mesa_banho,32,874,3,2667,18,36,18
14dbb659400fbeda1fa3e7159a6e0c63,bebes,48,1280,7,1665,70,14,9
a79bc98af1c5a8daaf1fcccbf8f20fbc,eletrodomesticos,29,1735,7,963,64,43,23
ef3877a68bcdfa2fec129bbbbf67fa99,relogios_presentes,36,3795,6,1270,73,27,9
de00e8fbef3da4a3bfdfe74fdf47985b,relogios_presentes,60,3488,4,3549,26,51,25
cf0deae7f11668a74dfb4d68b69e14be,perfumaria,33,2052,2,3141,62,27,48
ef1beb54cb9fee008b2ecef11ca4acca,utilidades_domesticas,41,3883,2,3553,47,56,17
29eb4ccefca0844f2af7bab10eeca6d7,telefonia,29,3483,7,3762,43,27,41
fdbd4df9653a0faafcc89afdcdc9ebbb,perfumaria,57,1176,1,460,34,42,29
8fd3cd0a7bedd72ce371dd1623dae5fe,automotivo,50,1932,2,3768,60,57,50
acde3cef1fa21f40ecae89fdb37ff7ce,eletrodomesticos,38,2848,3,4376,52,50,20
f02652a4ecddfe03cfabbbebe70a6bf1,beleza_saude,20,651,4,4811,53,49,30
cd0e2db76c2feb5bb8e4c8a4eef0aaa0,beleza_saude,67,3769,2,4324,11,37,29
caae13dcf1bef42c044d66fdfaef8a92,brinquedos,35,3741,5,777,19,11,21
4ef3d64dbd9289c4b6ff453f09e9728b,brinquedos,23,1130,6,4381,65,32,43
76e3e59b7aa20ff9ac7d0110a779cc31,relogios_presentes,67,307,7,3644,37,29,29
bca1ff5946dc867cd8fe79cf1d7ab711,brinquedos,27,998,3,128,45,31,23
ffdd3ea1fe8a6967bc6ebc9dc9ea64da,beleza_saude,28,3882,5,2426,60,25,16
cfcdadcfc1cfefddabfecac0d4ababd8,relogios_presentes,53,3105,5,2875,10,40,39
bb73dd42cf9c135ecaaf8e9ca4c2302e,moveis_decoracao,40,1050,7,1938,29,43,31
e7d0cd4ecbf71e19c12f7ef287f0e7fa,beleza_saude,47,2628,3,846,21,56,32
0c5e5ff08cbfabb0e37f623b607f45c8,brinquedos,40,1345,6,4573,63,34,31
8caaac15dd07a9ce0d2cdc9a006ede6b,automotivo,63,3439,3,4825,67,51,8
b2be5d0b1f8b9bf77fb7cbe29b796d2f,ferramentas_jardim,26,1262,6,483,15,6,15
8decd14aee722bbbedeb54ba4eba53b0,ferramentas_jardim,65,2912,6,1533,53,47,34
dacc2fcfb260cd62d48be6dd80cf1fb8,bebes,62,2321,3,3229,76,50,32
aa9aabedc6ee5c308f5e3a8ba8ce4ad2,informatica_acessorios,49,3906,6,2562,29,54,58
5c2bcfaa5cd3903ba2a8ddb6cca9ae85,bebes,23,224,1,1994,21,53,55
5d82fcc4c97e61e136ffebfb11eb8e75,esporte_lazer,29,3333,1,3957,35,7,28
3f7babfac3e6ef2dabd1b3a3dcf0ac35,informatica_acessorios,61,3740,1,4196,30,30,10
7aaada4ba5bc651ada5e7f34c5593ca7,papelaria,68,3181,5,3662,71,12,18
ad6bb4ed42d4bcae3badb78a39c3bb9d,cama_mesa_banho,21,2006,4,245,56,5,48
aedee1dffea65a9fff299375b0feba0c,esporte_lazer,55,3278,1,4364,48,52,43
fcd9fb392d1ebcd32f7adfa75bdef9b4,telefonia,52,225,5,2298,69,42,9
bff5ccd35b18ec4da6bdcbc877ada311,esporte_lazer,64,345,3,1162,78,13,51
4d13e6fa10fdb088a9c1f64c6d926b94,cama_mesa_banho,31,2637,1,2020,53,44,52
681cbaed53a88f93990c2e1bb08c5aa0,papelaria,60,2122,3,1380,79,38,54
ccbac1da6ba6ed38e4f0cca7cbedf3cd,papelaria,41,1993,6,3641,24,33,16
a6b9d8d6c89fe5abb65048af9fde1634,telefonia,58,216,6,4652,11,39,9
dfadbf33dbf8b483bf5eb65cd8e385ac,perfumaria,38,1412,4,4596,42,26,10
e382addf210ec12017a83dfd8b8cf2d8,telefonia,64,1327,4,552,30,35,54
ee8ef0baaeefeda997bfe0a8afaa641f,beleza_saude,36,2286,7,1866,30,7,54
ef3575c349ddbafde5aae6ed78d8aa5f,perfumaria,25,940,1,3566,35,43,38
4eea4673aeb4a9671ced8de7c614c722,informatica_acessorios,20,1299,1,421,43,19,9
0ce9cca2ced97a500c0c50abc711dbe3,utilidades_domesticas,40,1862,7,3341,37,31,9
eef1d9038db12cae1bbf586cc9d793af,moveis_decoracao,39,2366,1,4606,46,48,20
993cc4909eeeb585b60e139e56ce2fb5,eletrodomesticos,61,1530,7,2658,54,16,59
4c7adfffedd4ddd9ccba3dcbeb6bb67e,brinquedos,29,229,4,4190,74,52,35
35eee236cfbce30bb08dc8aee56d7724,brinquedos,65,2018,4,985,65,22,15
925cbc15ec5145a7b92fa14bab45dcec,eletrodomesticos,38,2452,2,1857,33,37,44
2ad741ee0ae4d1f2e727dcd97cfcfdfc,utilidades_domesticas,53,650,3,3277,25,8,22
825345b01a0e48afe21ce5c505cc0c3a,perfumaria,53,2689,1,3416,23,45,36
8dba1bfc1ecfa0832a6d703faeffc56b,telefonia,26,1465,6,2220,58,46,6
02bfa8bbf6d551b4e0ab8024812cafd8,bebes,66,1408,6,2386,50,24,51
3edfc982e96f6c5cb2f8b7dfb098b0be,informatica_acessorios,25,3594,2,4427,11,5,10
6caf1ba57e3efebbadc4af6940dbecd6,ferramentas_jardim,47,1138,5,4117,11,33,45
a46fc19eacd0a23ac94c7e5f8d9463da,automotivo,41,3707,5,269,47,26,12
a62e52cfaad5feea8966d62bce2fd5fb,automotivo,67,968,1,1190,67,37,50
fc3dae83d37f594e5def26fcfcefb15b,esporte_lazer,43,556,3,1078,48,19,58
d0c367b1a732cacc28bfe47ba1dfacfb,automotivo,38,1325,7,2648,21,31,19
5aec3c5676b01f2328f3cebfb7ade9e1,beleza_saude,55,2337,6,4706,61,23,16
db78e8fe92b9e529bafb0b9cb9014ecb,eletrodomesticos,46,1851,3,4074,73,25,42
be5f1ad3fd510eb3af1f4c244e5e744f,bebes,69,146,3,3715,44,48,31
e088daeeb9ecd24af9ef3591ca3e1dd0,esporte_lazer,23,1791,3,4243,20,13,12
289eeff6b105866b0c4e1bd82dd38cdf,automotivo,48,3982,5,4099,69,38,38
2dfb7fec3ebfef63e03abbb2fa022385,bebes,32,3844,6,4373,78,24,12
0eca0cf1c8d74edff7d268c17d8debc9,brinquedos,62,1944,7,3503,28,24,38
fdec8b5243f5e2de6d33af8c2ca96a4d,papelaria,39,1199,2,3282,12,10,7
19b7a6711143ccfa2ac17c8eaab0772c,perfumaria,56,214,3,694,51,6,6
b4a469f4b179284cdc9d805ac54ab0ba,esporte_lazer,40,2812,1,2530,66,39,46
539de9feefbe3e0d6931add88d35eea4,informatica_acessorios,35,3773,2,3066,40,6,56
ff5a821b5a9cd37e3a6dddeafacdade5,telefonia,55,988,1,3411,48,7,59
deabb9cfcd8633ea2f0892dfdab31d9e,papelaria,55,1904,2,1428,41,8,25
65d6a7da1dbabff79132cd80bbcbfb4e,beleza_saude,30,540,1,1793,36,24,42
bf37fe19df069b8e1af4d9f26e3fde1f,esporte_lazer,46,851,7,3677,42,7,55
8a4d73a4fa9aacce2ff3edacea8b9134,beleza_saude,57,1900,2,626,30,17,16
5fb8da1f0acea0395fcb3f0c502cefd1,esporte_lazer,40,281,3,4368,70,5,42
e0f4e947ac0a218d9eebd67429e368b0,utilidades_domesticas,69,2355,3,2507,24,26,56
f1a8ada487fa9c7c43dca569116e9841,telefonia,50,1780,1,4540,21,44,21
d9fc25a3094bff637a50cbc5a7fdaa5f,eletrodomesticos,33,767,3,3417,39,6,19
c1889380491168d132a965ed3d2a2d4b,papelaria,28,1666,7,4817,79,11,31
c5bdededbdcdddcb684aa8de63d275ae,esporte_lazer,22,2031,5,3889,33,6,29
8ed2f1c6e3abcbcf8eace9be69d4ac4f,moveis_decoracao,41,2534,1,3104,38,45,59
de36fcdebbced7bbbecb7ecdec7efa06,papelaria,31,3039,1,4926,43,46,47
4e1b8af1a88cffe618e87bed11783a63,cama_mesa_banho,50,1599,6,2433,56,38,30
2f7ddf63266d5ebad8ba1b47d9d3fe07,papelaria,25,1240,7,2648,54,19,43
fedba9e0b3cda5d7fc0eb8eb29e89dd4,telefonia,44,953,2,2035,49,20,18
c8deffdcdedadc84e222cb06cb8bd204,informatica_acessorios,33,1245,6,2545,42,13,34
1a907f6d36f305c0cb7adb1e7adc4843,cama_mesa_banho,68,3007,4,1604,34,6,6
98bbf3bc959b0146f95a99a2aeacaea2,automotivo,58,3388,7,3166,75,27,18
cefbaa0bafef8edaf94fe431250c4edf,brinquedos,32,1022,6,148,76,47,25
4cbc664d1ef0fed887dbb1fb1d6a6ef1,ferramentas_jardim,55,626,4,635,17,5,48
fd31fef0c1bd16dfabeec90ab4db0ae8,ferramentas_jardim,57,3582,7,4827,79,5,48
af3f4c9ba280be537ebf168f5cbdc0e7,ferramentas_jardim,56,732,1,4890,71,23,9
e0ebca1f9d61cc2b8284b6bd39f674a0,automotivo,36,120,5,1962,13,58,50
f5cb6ee1e2faea50f11b02fbae9b4f2f,utilidades_domesticas,65,3989,1,3897,65,47,19
d7bce33dbd01fc0bfe473a2c9be06b04,bebes,39,3723,1,3241,65,48,37
bbd39f0f6ed6af4299222d4fda16b468,brinquedos,58,3646,6,668,27,21,23
1fbb28a175834d0ba5fd4ba2880fd1ce,beleza_saude,38,957,5,640,65,41,57
8edabf9eade5b7c973acbb1e7e5077fc,cama_mesa_banho,20,1252,7,2518,49,6,46
a0c07ddbfca1b4fabad12f36efbcad5b,ferramentas_jardim,32,3856,3,1024,51,31,30
a3f172dc40cf2a105b219c68ccc15903,brinquedos,67,1521,3,3157,21,50,17
40f1e74a7e68febceb9cfb65db898fde,ferramentas_jardim,32,141,3,2955,59,54,47
c7efeb1fe7fc31ed2e1c9577745a2cbf,utilidades_domesticas,36,3319,2,1125,35,34,16
5f9d8e59bd5d1ec3b78e3af0d5dcea8c,informatica_acessorios,65,1154,3,3064,40,27,59
a7a54ab2e046f90b6ffea80ca76c02ed,informatica_acessorios,41,540,6,3557,25,51,26
8ed79edac682c2bcb792bfc51a2e1167,perfumaria,27,772,6,1158,42,45,51
1531a593db6b327678d6b0e0fe14928e,esporte_lazer,44,3639,3,4375,27,8,44
d6f09b0d23bfbe1dcb27aebb3305c0e8,papelaria,57,3712,7,601,53,43,38
02e38c59c8b69e3aba45ada06596ec0f,eletrodomesticos,20,275,5,4294,22,7,27
c60d40143cfc48f298ca3696bbf0c2bc,cama_mesa_banho,35,3933,7,2834,76,17,59
dc636aca144d255ecc1b3aa370567bd0,ferramentas_jardim,42,1957,1,969,23,31,15
fe595ceaef7dbaedb44ac0ebee56fd30,ferramentas_jardim,25,2459,7,442,49,57,27
1a71e33df9ddff19c7cfca14b8ffc852,cama_mesa_banho,29,410,7,2085,17,52,49
ad491211aeaefccecc92a6bb8e73a7a7,relogios_presentes,55,428,1,1172,21,34,26
69f7fff73d4a1daf9b7aa08604c1dcf6,telefonia,58,495,6,4676,19,40,32
8e01a54fc72bc8a790db46ad52110b9a,papelaria,24,1242,6,4358,35,10,18
fcecb3d35a7adc0ebcc1afbe910e0ab4,bebes,62,2322,4,165,64,30,34
cc7aefa53cf32a3a4ab9db939fb9f27f,esporte_lazer,62,2293,7,2841,33,55,40
2cba9ccb6b2caddea4adbd5fb73b69eb,automotivo,58,984,5,2845,17,18,55
1cc64bdb91ec08e96748c2f5d0faf0ef,cama_mesa_banho,48,3119,2,1167,75,28,53
64ddef90eebff97dbe48ccd1a5a6ac86,brinquedos,60,1413,7,3905,18,10,11
2dc25f7cac1815f58abf4eebc2a5ea66,esporte_lazer,57,658,2,2228,19,23,42
f8569c2c51fb7aae95c7c9f2b2afa7cb,brinquedos,68,1932,6,2697,42,33,57
faceb3ea99a53cb95e6ba05bf11ac67d,informatica_acessorios,22,2102,1,4387,52,7,39
53b2d18f301516ae2acea1ddee8e4c05,relogios_presentes,41,283,7,1954,11,38,25
0c5bdd976f00fcef11acffe03b1fd4bc,eletrodomesticos,52,733,6,2158,39,49,35
83e359bec4dd6e7841a62f8a54deaa98,moveis_decoracao,20,2356,5,1629,22,7,51
3294ec7676f08da337bfebfc099aad55,perfumaria,20,2375,6,1825,24,44,39
3b5aad7b21cf9a1551201f9abfe23aee,cama_mesa_banho,20,2350,1,2058,31,50,58
cac58edcaa67bcf7495d5f01be567d56,bebes,54,2964,1,413,64,28,32
051c8f18df1a0096dc1213ac4c7b0daa,brinquedos,54,1453,5,3661,26,42,14
a1f20434cba288b71b4f1fcdfa9bcf94,automotivo,35,3142,7,416,55,36,38
586f35d6fe9a9d17debaaf0373c8fcff,papelaria,59,372,6,1468,20,29,6
aed8aecf505bbfa3fe343b85e9c4b610,brinquedos,51,2304,4,249,63,6,19
7d8b99daaee27ff2dde8b1f2dac3fc27,perfumaria,39,2838,3,4101,75,47,7
e35b5fbb7c75af94dfcc6ddf1f777667,beleza_saude,58,904,7,4895,15,10,43
7a3c0a359bbeb7dda0b7addc86aca94e,bebes,27,3877,4,2910,70,16,35
2eaf2fdf0009886d8c56dd26a0108171,eletrodomesticos,69,186,2,815,33,12,14
fd63bdfe1afa748afe2b7b7d7eb8a60d,utilidades_domesticas,62,1911,3,2152,77,32,30
b3d7b0de7adcad53df9cb4369ce136aa,cama_mesa_banho,66,245,4,3766,46,52,53
d9e3ef8ce3d72e8c6f5e82a030c8eeed,telefonia,36,3289,2,1274,78,5,24
bc1c15f2a2ae1a8d7f9d54dadbcda5bc,esporte_lazer,51,1712,6,1332,48,11,16
92593395aa0921eefefaf46df0bfd3e3,eletrodomesticos,28,2991,2,3380,34,36,53
ec9d4ffb7d8ff16bab679bd6eb684acc,cama_mesa_banho,63,143,6,4782,56,15,41
c4a60b75faa306caf484c1b520eacefd,esporte_lazer,51,2682,4,2673,55,30,47
d5d16c88abb4db3ad2a32eaa6c94c150,ferramentas_jardim,55,1282,5,3806,44,44,11
bbacab296e0d4ed9ffc4cc9dfbc9be60,brinquedos,39,2837,7,3265,56,23,43
5d64bb1eefe22d3adf7c9e179d1ef2cd,utilidades_domesticas,37,303,2,3094,77,32,52
457deccddec7a917c9323dcf2dcd72d7,utilidades_domesticas,58,2288,6,2068,40,45,40
2a5f79fccaf63dabddbcb1afc83a31c1,utilidades_domesticas,46,1789,7,421,13,31,6
ad5e5de41d1cdb11cb82acff4e6f3bdf,beleza_saude,37,2317,3,1096,29,38,57
ba2e2aa7143da5fb515990d2d48f0878,esporte_lazer,59,2234,1,1289,40,18,42
f165ca2a4d2cfb9ba09cadfebd06feb5,eletrodomesticos,38,3352,2,2532,60,16,46
aec602dc573631ad6eaeb539cfbbf33d,perfumaria,49,2625,4,4682,64,15,35
fef6f71d5baf8eede36b16deba6f75cb,eletrodomesticos,65,1189,4,3796,29,33,35
342e5a88c4b8cd13f21bfdcf1dad6713,utilidades_domesticas,28,792,4,976,76,33,43
ddf3ded415faa1fdca7b8b39ae683265,brinquedos,39,1265,4,3583,37,20,12
c80051803b14c173fdcb181e86fd4c46,moveis_decoracao,47,2750,4,1348,27,25,24
8bdfa0e355bc7ab85c52f49a8a6ff708,ferramentas_jardim,30,3774,3,1327,52,49,30
e05fa0c878cdf65fa0cc0a9acf8d7c7c,cama_mesa_banho,53,470,4,426,19,37,16
9a8a4045eda1c7cff454fdabab950e4e,perfumaria,21,798,6,2975,36,58,26
a9ceca7371cc7faafa59fa2fb266ce15,utilidades_domesticas,63,1445,1,640,29,15,13
b35601fab11cf59f862eb36f45b4daed,papelaria,39,3905,2,1254,79,16,50
cafdef7eec31eab3e8c3beddaca416a1,utilidades_domesticas,51,3717,4,3008,25,36,41
5bb5667bfa818bfe0ba3d8ccfea6cb7d,beleza_saude,69,478,2,194,65,9,55
0eefd7b82dba755ddc8796edf5ba26fa,bebes,38,1224,7,3629,48,53,46
95cf342bb8559cb52bbd6f5b98cf0bdb,informatica_acessorios,51,1353,7,3624,76,58,35
bbf4d6ae20ff3bb693aecbefa922a5b2,bebes,37,3793,7,697,54,38,46
abd8c6d7df7ad20f343e13cd386113f3,cama_mesa_banho,68,1083,7,3251,15,33,12
020131bc6feca46cb1ec052b6a07cbb3,beleza_saude,67,3076,7,3052,37,28,57
30297cc8afaf72cac484bf5ae06540df,ferramentas_jardim,27,3550,3,2992,56,9,13
5c2cb5208805ee94aae3fafbc4bbdd5e,cama_mesa_banho,28,3136,1,3093,17,47,58
64d106bffb49b6dbfcadd4a4737a965a,automotivo,40,927,4,3485,60,40,37
fc21184ea6dda975152c35ea0df3607e,eletrodomesticos,51,947,2,4661,50,52,39
8fbfaacdebc766e347c6bbf686ccf072,papelaria,42,2324,5,1012,42,44,9
72bab55f4a24dea4e290ff91b1b4fd7c,ferramentas_jardim,23,724,5,1268,40,12,18
d256045a1a79d15ef7da5ed0fb4c1d0f,telefonia,20,3248,4,961,46,56,50
fa795c81ba5cd90688d53e9f503e55d8,telefonia,64,1683,3,1649,31,55,12
8a96c8f81af5d3c08f403dc9ad1adfbe,informatica_acessorios,62,3673,6,3174,69,6,49
cafc703cea5bf3e3f4422fda88bcf5a9,eletrodomesticos,45,3837,1,4657,50,10,32
beeffd5efeec7fa4fc6a6f979f8efd4a,informatica_acessorios,21,423,4,4097,17,19,26
cf75bdfafcf326a0ed197865a5cabedc,beleza_saude,47,102,5,2539,77,21,32
1bc2ea55bef0d71e9aabb95ccb0ad86e,informatica_acessorios,24,3677,6,1838,42,52,21
11b1aff7b47d6eea3bb8fa550a472cda,beleza_saude,31,1043,5,1134,16,14,59
a74ba92f2bcdf83125c6fcd7d6aabedc,telefonia,63,3820,2,2266,44,33,6
825df9aa0d3fb1ea3e68ca06da7b6e7f,bebes,49,251,2,1532,57,54,43
f7c9ec9379feebff1334ac3ddb0fd04e,automotivo,41,2147,4,823,77,55,18
daa2a05fcb65a32333dceb60614e35ce,esporte_lazer,25,743,5,244,17,40,13
9d781ff570177e2a8f102d9bd0d96cbb,cama_mesa_banho,23,180,5,1880,29,40,14
f7facb0ad60bfbf55f6d29de4e4510cc,beleza_saude,46,1986,5,3157,57,16,12
cac941ad3ad47b268fe866c258eeccaf,esporte_lazer,46,323,4,3164,67,40,59
a2cb6a4c6edc5ddae6ef1ffe40fdd15f,utilidades_domesticas,47,1840,2,3398,66,22,9
e2c62f2deeb1efe3b41afc7b13ef1240,eletrodomesticos,20,2566,5,690,11,40,26
62e795b6089dc87ba7cbfd4da6f8241f,automotivo,40,1123,6,3748,13,9,35
ab4354d08c3dbe8d536f5c6a92df5ee3,beleza_saude,50,665,2,3443,41,11,38
85faabe42565effd4c880c120c9adf6b,perfumaria,23,999,5,1189,14,57,17
5f921f3b3956df4db8d342b26efe0fd8,brinquedos,45,3316,7,4067,33,51,5
bbad6453d1b10beef5bbada9dbd302ad,esporte_lazer,36,877,4,4468,64,59,12
3df60446afc0cc95b078baced6286299,moveis_decoracao,57,2925,4,577,17,55,21
ec2d49e72630738fbeeab9b0befb2a99,perfumaria,51,3787,4,1128,43,17,14
dfaeccadcde0d8096d2a445c1d55cb61,bebes,60,1449,5,3662,48,34,14
129d5969c470ef94ccdefdecabdfd529,eletrodomesticos,46,3030,2,1236,58,58,26
c61b1bd1b2b2b9603b2ca8d9e37b1fb4,beleza_saude,61,812,4,4724,40,32,13
9c0e2b7bbf04e4b0352bda1eaafaeaeb,automotivo,46,2383,7,1084,35,40,56
a1ea0fea8a9af1c2e0acbcccb9491c9b,bebes,31,2810,7,3202,39,17,20
0bb8ffc9b6c635c7babdcae637e36ff1,moveis_decoracao,22,692,4,788,10,43,8
bb6be83ffe7e2ae0faf3dbb2e83ebabc,telefonia,27,2421,7,3649,12,14,45
d15b3cc9982ddaebbdc9cb70cfe98dcd,bebes,56,1625,7,4453,62,46,48
c804dedca66bc2b442d1b7af4ffba7e2,cama_mesa_banho,27,2832,7,1201,11,24,19
4b4831dffc24e853d6da3e3bfe3fc913,papelaria,67,1838,5,4911,65,46,58
2feebcabb2f2daf07eedde8e5c514b5b,eletrodomesticos,54,1002,6,1676,33,40,22
c80880f5c3dce50bba61e3e06df2eced,beleza_saude,21,3998,4,3383,66,39,38
a2ad2c8d62c1aa4e1eaaad9097ffd2af,moveis_decoracao,59,1252,6,3648,22,13,53
18e32caa4de0eaab048ee7c82c7ac2f9,esporte_lazer,64,3974,1,4488,70,47,32
788afeec3b28dfc06fbbfbfab3f388a8,brinquedos,45,1771,1,2553,26,16,8
4a0ffda0d42da3efd1ff8a3ae5e725f1,cama_mesa_banho,42,286,6,4458,66,21,13
af0b18d20c5e3ba0aa7fee2a6d64a74c,telefonia,45,2726,1,4298,40,50,9
a63af3ec64a1eaa3d6c749adcd8afabd,bebes,41,1887,1,3566,75,34,26
fae4026b53c4de6edda3037ebdbff1ce,brinquedos,51,1507,3,3821,51,19,27
befdc2dda7bdb3edf81a0abfd38f841e,eletrodomesticos,61,2161,1,4299,61,19,58
dfd849ac47a822cee2f2022a4a27989d,relogios_presentes,67,3983,3,4626,66,52,35
9b18ee5d3eb00d9f4327ae95dd56bfad,moveis_decoracao,33,984,7,2561,74,35,34
46f8ccd35221079c5abfd1df0227d895,relogios_presentes,23,1668,4,635,21,37,18
62c6a8338d5eedfb73baf9a5ab84197c,esporte_lazer,55,1895,3,675,38,34,36
e46e0c8b645a6eaa7245e22b140d5ddc,eletrodomesticos,33,208,7,4793,73,20,38
eb7ec0bbeba9fbcee83bae77aef5b2fc,informatica_acessorios,27,3631,1,2406,69,44,52
cc9ee597dcae736dd9c10eaa19d3a302,relogios_presentes,44,471,1,845,14,29,7
b61ee5ac3b7c40c1ebba8ede30c7cf39,automotivo,29,1735,6,3403,14,54,35
c1a6310feb0a3cc1fc40bbba65be6148,moveis_decoracao,37,1592,6,2378,27,28,8
2a2c7bfdf6db02e83ce7d6aab7f27f72,telefonia,27,1326,2,1811,14,38,11
eaf42dafe039eba8dfc3638fbbc6517a,perfumaria,30,3913,1,1470,45,21,22
18a93b9bfcd3b1034225aec63a5effb2,eletrodomesticos,26,1751,6,2980,74,43,48
ff5b4ee418b97a26d656d6e26cce3dca,cama_mesa_banho,41,2489,5,4084,45,27,8
bcdfa1c9b53cae9f7cb553ee65decf4d,beleza_saude,62,1798,6,3422,10,40,31
da8bab4e39d30c4ee41fca6731fe7235,ferramentas_jardim,31,1132,5,522,52,51,9
1d03bcfcda8c71daff0ec27d8b6bfafe,cama_mesa_banho,20,336,6,4254,79,6,31
ac3466d7ef9bd7ad8bed0f6a5ddee89a,papelaria,22,1547,3,3068,73,49,8
6a709c719d2ee8bba7a9fbac9d08fede,ferramentas_jardim,32,1172,2,1830,52,45,56
33cf4c91b1edebb90fed384324fed469,papelaria,55,1263,2,1946,65,59,26
d5b0abf7f0adbbf6ae2e8e93d9a7acc7,moveis_decoracao,28,119,1,3220,51,40,6
914cdd04bcc075aa81281aead2c47c90,brinquedos,41,803,3,3148,29,41,20
6c3cbdafcfba0bff40a9cec6084ffebe,perfumaria,45,1890,3,717,50,59,40
62ddbdae13deeaf9f6eda4f7ccdcf447,perfumaria,57,3233,1,3984,26,41,59
bb07744356cfd2dcaf9f063925eb5a6e,cama_mesa_banho,64,1716,6,3131,19,18,57
245eeee997e8ada174d2efd4ab0bbaac,beleza_saude,65,3577,3,1672,66,6,54
708c7dacab5cdb892f5c5f23617b7bf7,automotivo,50,2567,4,4898,62,7,33
8667cc94cd3c1a56eb57f956bef6f8cb,beleza_saude,62,398,6,1298,45,53,32
77a8b6c1ec9d8822c34feedbf8cfc4ea,cama_mesa_banho,21,181,6,4661,30,56,29
6d7ba98ecb7a3f36265d4397c25a15fc,perfumaria,22,2170,7,1325,77,40,26
e300c7620e359ac380247bdebed1e123,cama_mesa_banho,54,1662,1,4366,36,36,45
b0fd8dbd7daf2e41e9c2c8fdacb6d0ac,relogios_presentes,24,2914,3,2768,41,47,15
b4d0e4b95bca736939b6cfcde4a19dd2,moveis_decoracao,25,1702,1,1289,56,50,43
0adbc4c6c7caa240e0909cdf26c5b30d,perfumaria,35,3276,3,987,62,33,25
ff2affec5b06cd7ff8add7beccc2fb31,beleza_saude,53,2926,2,674,46,7,40
e81f5cc6f7eef69207ccdb44fd710fed,bebes,41,936,5,1940,37,16,42
ec743a941ff40f3fde4dc3d5213dfed7,utilidades_domesticas,65,2512,2,4183,18,20,6
3e5c59bfc4a77a610b4ad88f6bcde8aa,ferramentas_jardim,62,275,4,1038,24,38,49
9fa9de589e06cc574da02ce2db2fb1fb,brinquedos,20,718,3,4723,14,14,27
462bdaec9ddbba74c5bb3abf08923d6c,brinquedos,36,289,4,3076,22,42,8
eca96fcc6ee280907ca2e2af6faa0c74,esporte_lazer,56,1110,2,1062,70,32,42
d8d2afcce53cea25efe38c9e8c655e42,perfumaria,30,320,1,2259,32,47,48
dfe51aedb6983a1ed8610139ac5bb3de,beleza_saude,35,1790,3,3407,54,40,8
30d4ffa1abd3da33adfc1b4bdcacae3b,beleza_saude,36,3871,3,954,23,6,47
7183efbd8255631070da5dbec6fd1f6a,relogios_presentes,20,2424,3,563,71,45,50
0f1b6cf5c6e4c8cd21af08f8bcaa9a6d,perfumaria,66,3656,5,2715,58,29,14
a7bb5aeaddaef80b4c9c5cddfb9aadbf,informatica_acessorios,39,1920,1,4252,73,28,32
ab9dcb9afaa1d12d6785fa1bfb62cd1d,brinquedos,62,1874,5,2624,28,48,15
55cbfb7fefb69bcfe6e2cd69bd9add09,esporte_lazer,31,2796,5,4776,59,6,51
a14cbc54eef2dbc2f47fdde4fe9657aa,bebes,40,133,5,934,39,30,9
dcefc6e44bfa2ebb3dac9424620abee3,informatica_acessorios,62,2090,7,2377,51,49,16
b3cbad776a00816d1efe2a7bf1f2012d,eletrodomesticos,65,819,7,3233,46,16,36
face8978a37b0ffaa9cad7b184f2cca3,bebes,47,3936,6,2466,37,26,25
f4ded237c544e3e7c1715c7facece7eb,informatica_acessorios,20,240,6,1345,38,43,38
ee6fcbbf4a6332078a0bb980789eaa0c,beleza_saude,38,3034,2,2415,17,34,10
faf9be0265321c06fbfa698c9627a5a6,brinquedos,67,2670,2,3101,34,33,14
8caefeddcce5a8af26a09f712d0d4c88,relogios_presentes,45,516,2,2961,45,21,8
57f7b91cdf01cb1fbff01afa40521adf,papelaria,41,3710,5,384,75,28,36
80f83ccf9a6fd2a9af4ca1c10aeceb68,telefonia,20,1309,6,1720,21,9,55
fd4fec5d42fa6ec676c4f052a023adfe,beleza_saude,60,271,7,4121,35,41,19
c72bbb3fcee70c34dff46d2e4a9cfc08,moveis_decoracao,32,2886,2,1840,35,13,50
d9bbd1cbf3dfddf0c3ff5ce0b8fabf77,telefonia,53,3461,4,958,29,24,56
38ac9385eb4eb78f72fd394eabdf4de9,beleza_saude,31,2803,1,4784,55,28,24
f67c4dfc0ec104d548edadf3ef379ecc,bebes,37,978,5,4343,26,46,36
befda49ad7de00fe71c62afc8b1ddda6,automotivo,58,3102,1,203,74,13,36
ce0a95e19372fc50aab5ec5feff927f3,utilidades_domesticas,57,2064,1,151,56,54,23
e62ac3ba05dc2bc4b58f05a01eb3e4de,eletrodomesticos,47,3741,6,2748,55,57,48
3d41a6bcedced4ff196eb5b12a9551bf,beleza_saude,40,2802,3,4612,16,17,24
e4d7c6c8a6c17a7bf64a2bc2fb477a98,cama_mesa_banho,30,2420,5,4463,45,39,37
e95e274776c0e86bd160f4aadb7f3ca6,ferramentas_jardim,20,2863,1,2782,79,48,32
8fded79c2b06dc1ddc0b8e06f9a91cd0,ferramentas_jardim,35,3365,7,1903,17,37,39
fae5fb8e7bca2bd414fc46f4fb3ef356,moveis_decoracao,66,3571,2,1338,79,22,30
bcb633d4d56ecfc1aace8a75bb3b73b0,esporte_lazer,35,1634,4,1533,38,24,10
d1daf3e9ed4bc9be2cfb784d60f75660,brinquedos,59,3576,4,1102,55,34,35
0fa245bf21ddde09acfae55fad8fd0ab,utilidades_domesticas,49,2899,1,587,16,13,58
c8cdba09fef5bdfebc1a2dab39410d7b,eletrodomesticos,56,2691,5,264,24,48,30
cb268ba4df22541efb800aff52ce4acc,utilidades_domesticas,45,3025,1,4013,57,27,32
ecdebcbf21522e6f664393b56f3f2dfc,utilidades_domesticas,23,899,2,4400,17,21,12
9fafe79cf2dd1ea3a09cbf8a4cb1dec9,moveis_decoracao,34,141,2,3646,63,25,43
fb781ecb07a8efcfc78ad1bcee0e4d5e,utilidades_domesticas,50,3622,6,1223,51,48,21
ae0f9aa0c6ade6bdc511dc5d5fc44ae5,ferramentas_jardim,48,1660,3,1076,12,46,50
e8f4a0fe7eccba0e64fd2e82dc7100d2,telefonia,52,1040,1,3195,23,35,58
5408f7bc34f36f3cabe7826d1548d76b,informatica_acessorios,20,2351,7,1738,67,50,31
cddaef178f7fc17d87fab8a0ef98a021,moveis_decoracao,35,2753,5,2435,23,45,16
d3cbaedee9bc00abcad5bfd57dc90cf2,esporte_lazer,26,362,4,688,33,18,30
1a2a42cbec5ba61f9fe2f14aed49da0f,bebes,58,1856,4,801,17,58,39
3f49be526dd293e33df7c0621f59ebdd,perfumaria,20,2304,1,478,36,41,39
eac2eddcc0d2bca40cafdbeffebeea57,utilidades_domesticas,59,800,2,2712,70,44,41
beab81f0a3cef91ea24adde610c52f5f,moveis_decoracao,24,3524,7,2953,33,41,40
1d13b0be0366eb6a03c92ca2f0a923ae,informatica_acessorios,66,531,4,3576,34,51,8
afcfb8a2c0aadcf4ffff84cd5de3cccd,ferramentas_jardim,25,3184,1,2150,29,42,5
8e5fc1db6c60256d7250bd5ed966d3f6,papelaria,37,3945,3,3032,79,38,46
a1bcc9baad9809445c1cda788e402baf,ferramentas_jardim,67,2507,6,2590,66,40,23
9ad7396cbf1f8ba6adf71d85ca3c08b3,papelaria,47,1405,3,1529,44,24,39
cac3cedcf5abcf0b3a9db7f593ca6237,eletrodomesticos,38,2014,1,1994,34,57,29
e4bb6f5b69ecf3d35a3493492fe5500b,automotivo,21,1306,6,910,21,25,24
daab0d5c21a98d9cefb9b96dddefbeb8,papelaria,44,233,6,1148,59,36,16
17e75364ee9bc25e3fe2cf3b5b90f8aa,cama_mesa_banho,43,242,5,1588,36,13,25
0b975e3b7a01b9ed6c7bf48e483a49ad,moveis_decoracao,39,977,7,1471,22,35,22
bc1b4d2ec97e377dc08ec95fde862ce6,informatica_acessorios,42,2927,1,2594,11,7,10
76c075accef1afdd17d0d19ea65ba7d4,papelaria,28,1462,7,4540,17,59,39
bb696ed5b672591daaa3757f18f0f2a3,papelaria,47,3190,4,1400,47,44,42
2fae7a7d8da20dde5dbbbabf838cedb5,relogios_presentes,28,3758,2,4117,31,8,59
f110e64d4b5b92084756ccad2c5f6c51,brinquedos,49,936,1,733,21,55,14
8067f3d8eec7ad6169a06baffa1cfc0f,perfumaria,28,3367,7,1124,55,34,36
efadbebe81fadb8a39db2a6b8b78af82,esporte_lazer,35,3030,7,3657,73,11,41
eccaa4f7c2df3c05cbc98eabafbd8de8,relogios_presentes,69,2189,7,1807,72,56,39
4f1af2e9694c9b9a3d1e9daeacc7aaab,moveis_decoracao,55,2138,3,2727,77,5,16
6b5efc366bec0a55c9cab43db93792c7,utilidades_domesticas,44,1423,5,1866,56,10,23
3ce8c2d91b23401a5a0ad728d7a3248e,eletrodomesticos,54,1938,5,3217,32,28,58
5fd1c13b49fcd0fbf124b49b4bc0a7e7,papelaria,68,238,5,2505,10,39,6
29cf1426039271fd9ecbdcff6b6dafd9,utilidades_domesticas,35,2792,6,2121,66,51,29
d8fafac5f5fbd6a7db28927cbb31be49,bebes,28,2670,1,4476,37,46,45
5ee90c6c40ad3ae41ad6facf80e9f7c4,eletrodomesticos,43,3889,6,4429,16,31,57
5445cc781bfc4e33d1ac419c3d5f4cda,papelaria,60,1871,1,1482,50,40,55
edbdb1e62d6bb6a60cb0a3e0efef020f,papelaria,24,1645,2,4804,21,17,21
a2a29d2df67246e3fdbc8e49f8ad89a1,telefonia,25,2609,4,2832,73,28,22
5e7c8cb5f081608ecdcbafd1befa8ad1,beleza_saude,38,3220,4,929,58,46,18
4661f48cd7912b9598bcc5dd17eade2d,beleza_saude,47,2298,2,144,60,38,44
5e74bcdcc42cbabed79ddfb8f7bf1d5d,ferramentas_jardim,38,2110,7,1204,55,12,8
3acf1c4c4ae67bf8acb4e77be6ceaeef,bebes,67,606,5,2619,66,35,43
7afa8ba81c6dff31ed7b7c0259a195cc,moveis_decoracao,64,3334,6,896,21,32,41
d4f3fd44c4d3b7982efcfd30abfaa1aa,relogios_presentes,53,3168,1,949,20,34,39
8a517c019f6ba1c6b5243cf226b927b5,cama_mesa_banho,25,3487,3,3336,62,6,52
fefedcd4c4e6e171a9f92977221400b7,telefonia,68,3838,1,2024,26,29,58
7cb69b8aee9a2c68cf31263b3b5f5aed,cama_mesa_banho,58,3107,3,4689,74,49,49
6052daae2f6ec63f9effcf84bf3043dd,informatica_acessorios,52,471,2,3867,32,14,57
8f2dbaa3f10ceadd4dd1e73ed3c6bb99,moveis_decoracao,44,3456,2,1861,34,25,29
f6492babb8956ac6c1cae534fb96d52d,utilidades_domesticas,34,3275,3,2263,70,29,5
a0edaefd467d39eca379edd745d7f042,moveis_decoracao,20,1800,5,4719,19,34,20
eecaebaa99694a4dba15e157dabcd55e,moveis_decoracao,42,1826,3,189,15,33,17
c8c82a249a83ae6e34362a13fedafbcc,beleza_saude,36,452,1,720,36,13,17
2cd4ddce0296a5c5e2a24bd19ec6dead,telefonia,35,1236,1,675,76,41,11
a07e5c3abb7e68dbad974f1d8f309eed,relogios_presentes,34,1594,7,4409,63,10,31
a02d690dc79faff4dc0d0a7f73fcc9d5,relogios_presentes,44,2586,6,1672,48,19,16
1d355ceb6cfa2b2fedcd3ede569a3c61,ferramentas_jardim,35,2968,4,3438,58,24,57
c7636acf4e74ad27bb44d418f71214b3,cama_mesa_banho,22,3597,1,1973,67,42,22
6f40ab3afe11f4b2fefdddc7e42cab5e,bebes,64,637,5,2640,24,55,47
fcd3fa5cbbf05bf4ffafcfcfcae9afda,utilidades_domesticas,20,438,1,2135,39,44,42
1266a0309f4a7c0b8b3fa32c975d0cd6,brinquedos,20,1956,6,4497,30,7,13
0f0262745d3e70930e1a018f4cdb8cf0,informatica_acessorios,37,1828,3,543,33,20,31
b5c9be9dc9bdb286fca51f9fafdcb9e8,relogios_presentes,23,3183,3,1657,73,45,12
dfd1ee9ba2e137cc4ba8cda12ae73e93,bebes,27,108,4,1838,36,33,34
a388660fc3cac3cb1333dd7e1bbafdcc,beleza_saude,20,520,6,4771,68,54,30
11721adcdbccbadd1d3cce5e6ae4bec7,cama_mesa_banho,61,3540,7,831,20,27,32
1a8a7c28e10bbd8efd3d3f0a0ccab5cf,utilidades_domesticas,67,1339,6,4448,77,15,18
d8a2d2582a6e107fbf7d8eb4dc50d97f,cama_mesa_banho,30,2967,5,2094,16,33,45
c9fdd2fdbfbfbf1facf0f8dc8ae5f91c,ferramentas_jardim,43,1145,5,3338,51,53,22
5e52f4be6cc0f117fd20028bfeaff4df,telefonia,50,3434,2,1479,13,25,7
0a16017aebfecfc9ad7a1b5cd8babfbf,informatica_acessorios,57,446,5,2941,79,24,23
e2dc04ce7ad3d165ca4cbb29c6045e4e,perfumaria,32,2195,2,655,76,42,11
84ef9dfeefaeb0e07bcdbcb6e488befd,brinquedos,50,1288,2,2410,65,5,24
adbf1be95cf3dcfa8bf397fb7ef41b7b,beleza_saude,66,1637,1,2200,57,59,39
d08c0b1f91ec9391f4c5032c04c5bcc1,brinquedos,22,3255,6,3291,72,47,17
dededb3f5cedb2dd6fe6faffb14329f6,relogios_presentes,41,2078,4,3230,59,10,36
7af2ababacf25cf9c2f4e872d3ead3c8,papelaria,21,2095,3,1107,79,19,8
67f50cef1cb3bbbd43a3fdbddbdcadca,automotivo,37,3053,1,2515,39,52,5
57feb1032d0d4dffe9bfe2a9fca0e678,brinquedos,20,2303,2,3549,29,35,7
0b8c2f8ce77638abd4cefadfa3aa9d15,ferramentas_jardim,54,2121,1,1402,14,7,43
95c8dc7e2dd487c8f9a9fee25fbdd92c,esporte_lazer,41,3231,2,3616,53,41,50
af3fb45f765ed3abde8c078ac4e1afca,ferramentas_jardim,55,3007,6,2290,60,51,45
13d96230480213c0f87b5d7eb95d6c3d,eletrodomesticos,50,388,4,410,17,24,30
e2445195b35ccbac7ec3279df28f60ec,bebes,46,3611,6,2172,33,44,20
e74152330eecaecaacafffcf1a466410,automotivo,64,3147,5,1321,53,50,8
88ac52b5a5cc2d49fa80601bfda833b6,esporte_lazer,28,2109,3,3577,38,59,21
bed6efd5b368c1cbd815819cd3343da1,esporte_lazer,38,113,2,1253,63,23,16
8e3a1cd7d22f8ce5b7128e41d22f45de,beleza_saude,35,2294,6,4896,13,51,26
d4f7dac2fc51ba19215e3dbf2b8acbdb,bebes,60,246,5,4660,12,48,11
3ecc459a4dff40c776bdb5a889ecb2fb,papelaria,69,3003,7,4498,32,27,43
c1ad7c34b14bacaafce46d4ecacabd7a,moveis_decoracao,28,1295,1,4452,27,27,29
afbedc789acdc14b13411cd1d6027aea,beleza_saude,38,3134,7,2907,68,11,58
bbc89d0ffbb6eb89f785b20c762da0bc,relogios_presentes,25,359,1,1292,68,21,48
64b4a48df5f2fcd145d692dd76bbfdb4,beleza_saude,41,505,4,1238,30,33,48
1f9d8a4afd5d3f4d7bf8cdb2da700bad,cama_mesa_banho,49,970,6,3512,26,51,51
0ae447f4a0c43f9bbb1801df4a9ee214,perfumaria,50,1254,3,2253,23,21,12
23e38acfaeca5c3d83aec9c281d28f52,esporte_lazer,27,3002,1,2398,40,7,50
3b55f7ef2d9dacde6ea6f4cce4451398,ferramentas_jardim,69,2589,5,1240,69,48,29
adbfafc9f4b19ddfd77c979725de4a2e,relogios_presentes,55,3826,5,1077,33,15,23
ebebafde96c785af1e2166fdc8fb96c3,moveis_decoracao,64,839,7,1497,44,34,11
2adf2444f8cfb0ea1d15abe1c890f0dd,cama_mesa_banho,29,1290,1,3795,48,51,52
4b3fab14fe8fc60faab2aa617a277ddf,perfumaria,37,3286,1,2205,56,30,45
9e49a1f144add0b53ec28f5b70dbe6c3,moveis_decoracao,62,1753,2,2957,70,59,49
c5e4dcab4fbb84ec4c741bdb618ccccb,ferramentas_jardim,32,900,5,2070,52,55,35
ede50be2b3e2cd7d5acad20b6679ead1,perfumaria,37,3489,4,3064,19,32,28
38f97d94eadbb992cd78ff10184c3dec,esporte_lazer,26,925,5,984,19,8,6
d1e779a3b45653edf4b6ebdab9bc21d2,relogios_presentes,41,2005,5,2904,47,59,18
adbc1bc0734df14cbcb4fd0f7816ea0b,automotivo,55,410,6,1877,34,12,32
c80db1fb45fae4e0aeec749cee8f2ed4,brinquedos,39,3899,2,2145,73,49,47
c4fecacfce1c2203b0c0a07d5da4007b,relogios_presentes,46,3505,2,4067,50,24,16
f1ed2394db1bc2a073e4b09520eaaadd,esporte_lazer,46,111,6,1255,37,15,30
b089dfb2a8ce45ccbfd31f6e7de82e84,moveis_decoracao,38,832,7,3821,37,8,51
c9e53ddb14bcbcbeecfc7ba015af2821,relogios_presentes,54,2266,5,137,43,15,40
8be99cff3faa4c8edbfb7e3c233dcf5f,relogios_presentes,66,2170,5,3370,75,7,22
b4ccbba23d8d1f333edad7ff5adaacde,automotivo,33,2894,4,3882,43,58,47
f2667eebbd33a1fd4b1bb7a6cbc751b1,relogios_presentes,20,3954,7,312,37,58,51
fdc0ed4ab27c3aa4b6ff13f3655d75f9,informatica_acessorios,43,2224,1,2866,56,24,21
8ad738ac727071f996ccad1a3ffe6b3d,ferramentas_jardim,61,1849,2,1936,44,19,35
f10b887df13bb44dce195abd3fa1c6c9,brinquedos,63,2995,2,2411,48,42,46
2dfccd5fcbea4c787058de1a42ea7fef,utilidades_domesticas,44,1328,5,716,57,54,44
7edfe3c12ca57ca55dd2e4eaa72aa2a9,brinquedos,41,3310,4,2749,69,15,47
3466afc36130d8a212aefe1c56eacd5f,bebes,53,2163,1,3852,25,54,48
f25bfdbfee98cf6c3fa5e0cd4cc7ddbb,cama_mesa_banho,38,1796,1,2540,14,59,40
306b9fead36c95b1cfffa4aaa6e59047,relogios_presentes,31,3234,1,2791,17,7,18
7d02f9d7ec68eaed7a4f1d0cdae5e0ff,perfumaria,34,2931,7,3901,61,36,25
8b3b439ea2dea1c28d8ffecf44e93a56,brinquedos,32,3788,4,2865,11,30,42
fdffa3ecd4b38cfce66be8b1ed24c21d,ferramentas_jardim,44,2495,6,206,73,49,28
c4c1f4b3d4dd0853bd1ab52de3a3f04d,brinquedos,58,359,3,628,54,52,38
60615a4b6cd15c3fce2aba8f3eba46bf,bebes,55,658,7,1046,46,42,52
b14315f13a9881dee24ef83bfd623fbe,brinquedos,66,2435,5,2143,49,42,40
b6af37f3abedcf6eff5b6f68bcb9c2f9,utilidades_domesticas,49,1818,2,365,39,26,38
fbedc4dedc2aa58e59f884efc2c2f2f1,papelaria,65,2836,6,2932,74,56,13
5018c2b83bf2ccecd4df24c8fe34aaca,bebes,51,2073,7,2965,11,16,12
ebc1e7118adf8d2b7e757372bb276ba7,bebes,30,473,6,2521,57,59,40
af852f5ff5d3ba3effb6d8db59bef586,relogios_presentes,43,1141,6,2583,62,6,13
8baafa66aed16524ff9d7bf168d3636f,moveis_decoracao,26,2757,4,1653,31,38,58
d39df1ecbfaad8dce65bf2d12b781a4a,esporte_lazer,69,1938,5,509,76,5,23
a1a0ea13536fddd39916bfe2e3b2e7d1,informatica_acessorios,56,3881,2,3338,23,7,28
56d4e2dec0ef2be7db9dfbc1dfcaf8fc,perfumaria,48,1129,7,3121,40,31,30
8a8edf6afdc8df5bfc18fbf6caefcff7,ferramentas_jardim,25,2464,6,2163,39,55,38
d2f042ccf8f0d1c7b6b7d9ff17968560,informatica_acessorios,34,115,6,3169,53,20,15
5589bdfcd12a4a86c6da86abdf8f3efe,informatica_acessorios,44,3055,3,2682,79,17,17
00e8de3c3d9a9acef64ceacf03c6420f,moveis_decoracao,31,3660,4,4598,76,28,8
88aab39c9bf5fabe94b6c655dee4cc58,beleza_saude,35,2220,3,111,79,21,39
1bacdc4daea47660dbe47350dfffafe0,cama_mesa_banho,67,2224,5,275,58,51,55
0dfc15db7bf72250dcd1ffc7ce49705f,cama_mesa_banho,24,990,1,4597,29,34,31
58356d4f346fbaeabfadbbefd0a2e3f7,beleza_saude,54,3591,3,3971,30,15,10
abf17bcad86a10faba9faa512ee4bcc6,papelaria,38,2285,6,4257,46,27,14
3ccaf8b95b924bfaac47efca7b4fabcf,relogios_presentes,65,1644,6,3167,75,58,43
4436def3802d3def90ca40246ff46dfd,bebes,53,635,1,2775,59,46,18
d41d9ef7fb4d6a12ebab91ddda56a8fc,cama_mesa_banho,45,3462,1,1981,76,15,22
b91d0d52ad76ff65f67b4edb38f3ccf6,automotivo,43,2784,2,3982,26,25,36
f0ff22dffe1df99b7be35a0b28deed83,bebes,20,3092,5,4191,29,26,54
b8be01bafd7111221858df0ca36830fa,utilidades_domesticas,23,2015,4,2292,40,46,15
dbf6d517ce0efeb3fdfbea999b6310dd,telefonia,64,3594,2,4873,28,7,26
cf2ac314eab85aeaeadb886de4d36b06,bebes,59,3393,5,4074,28,53,39
c237abfba054accab937de04035a6a8e,cama_mesa_banho,26,601,2,440,29,59,18
fde83636a5cf03c52bb1b372b7a1a0dd,brinquedos,51,3912,2,3511,41,20,57
22cec9e7b5770a27d6bf6e9cfd0c45fb,perfumaria,52,1811,6,4512,64,52,22
9cb29ea201caca215b66714e2be786ea,cama_mesa_banho,37,1007,5,4035,56,37,47
e3cbccaa2781afa6c2adff3cf84a78b5,telefonia,29,1527,5,355,73,14,48
e983fc95612aab0ca9bf6fc8d97c8cab,moveis_decoracao,50,3405,6,2627,62,24,37
2d844fe8d6bfa9af8c3c020c6bc6fedf,cama_mesa_banho,65,430,3,184,47,48,7
c2cebbefedd62a8cecf66bdb0c7df4bd,relogios_presentes,47,1719,6,1178,21,10,27
e9ff818be38bdfdcbb094e0d5be5bae7,automotivo,44,3684,4,940,58,8,23
56ea4ae2cc5aad2a77d14dda0ecffd6c,ferramentas_jardim,52,1090,5,2321,76,20,54
cafec37e7f91bd8cf0bcb9ad7f9891a2,ferramentas_jardim,51,3022,2,193,61,31,21
e3ee5a0ccc4ecaffeaa3ccdcadcc3efd,esporte_lazer,64,1373,4,3648,77,54,40
c0a382bd3da9e05d0df6cbca1bdf0dcc,brinquedos,25,526,5,2595,19,43,56
e6fe740b8da9ce5ec8ce2e7f54ba24ab,ferramentas_jardim,23,3320,3,2049,60,18,13
ec9a7baffa28a1b792a53d9a8baa11dc,informatica_acessorios,68,1458,2,3480,25,47,8
6441ac3ec22aacad1d02c0eee45a2cad,beleza_saude,45,1671,7,2654,74,18,31
d8cfba2d50dcdb2cfd3b7b2aa21ebb13,ferramentas_jardim,60,725,7,3887,57,18,49
9465b7ddacbbb9bfb3d6fbaa9102aac0,utilidades_domesticas,62,1241,5,397,37,13,35
d9b69cd445cb68873f1f5ddec915af64,utilidades_domesticas,47,2177,5,4631,23,16,16
f55e3d1ac40138dde1fb282f6522ba35,beleza_saude,66,461,1,886,63,36,55
c28cf58c6e1a36fecbbe6577e2e33baf,automotivo,30,1636,4,458,74,49,12
8cca1ca74cb89a7bbb5b03aed9e5cbd1,informatica_acessorios,62,1850,3,4736,46,17,49
92dc176ec5b90ca23e2b4e937c80e59d,beleza_saude,55,848,5,3181,29,28,51
baf4577efcb3658c500a45dd161bca06,perfumaria,28,2917,6,4690,32,19,56
ac83dabfdcbcd13d1e9e039be7effae2,beleza_saude,43,2318,4,2621,53,28,26
80e7a6fc22df5a912ff608eed828f9b0,automotivo,40,2659,6,2820,57,27,47
3b093ac365a047767ce2ca44ee81b4de,telefonia,39,1742,1,1381,61,9,17
4ccbdf58af5f36aa01db70a3a24f2cca,bebes,58,3505,3,2093,45,47,30
07fadb0b9c9b55adb025dba3d126f3e3,ferramentas_jardim,28,1781,2,3451,19,38,12
1f7d047e03424fe3b8d11a55b2e0a3d0,moveis_decoracao,68,2596,1,4798,50,38,8
beaf79ed7bffdfa7381eedce7bedba5b,cama_mesa_banho,29,3250,4,3119,79,28,25
e3d6f9becd2cf25fba71196ed6b7d60e,ferramentas_jardim,60,357,4,4288,25,21,30
dfbce742221eaef8cacd5cc14dc22eac,brinquedos,23,376,2,4499,25,45,28
401aae7f9ed6bb7043a9f833ca1cd7a6,papelaria,58,1387,7,1917,65,50,28
f71a8d43c7bffb2f7a0bd72e2abbedc8,eletrodomesticos,53,562,4,1929,76,56,48
8acf6c58b85ceefc0cb198239a69f55f,perfumaria,67,3906,6,3009,24,49,15
e801bf5ec42d85cd16fafa863a7a4be4,ferramentas_jardim,29,3531,1,795,45,37,7
3f1ca5a94c553cba57ceb8b3faa8acfe,automotivo,38,978,3,986,57,31,57
f9404c959ecc61e0de69b9623bae46e8,bebes,20,3132,7,2482,58,29,37
a1b25c2a7a05d3bddb87b7fe1e472d7f,ferramentas_jardim,65,2167,5,4934,44,14,42
9abd68ea0606bc4bec8e86cce9fb6304,relogios_presentes,54,1024,6,412,32,52,38
bfc708aba1eeda9ec25cdc42bacf38bc,telefonia,50,2521,2,4810,30,48,59
4e28d59a74bab2631eb4eaad7cebd7c5,brinquedos,32,2574,1,3216,40,8,41
ba3b84afb2bb7851ec0de9695adc6073,papelaria,68,424,7,4233,48,54,22
f0a7df83f5ff308aa644fbda7ffead3e,cama_mesa_banho,56,2822,5,4183,71,48,37
a085bbacfd5d6ddcf7219aede7cfad47,utilidades_domesticas,68,2266,5,1025,32,54,32
41705bc2cad91b6cceacb0f61822cab4,ferramentas_jardim,45,3283,3,1400,10,17,33
afce8ef9322c0d14363e5ba3de9c1ba2,telefonia,56,1383,4,1186,67,33,12
f9b0256c3c0449c57a97dbd39be6fbf6,perfumaria,50,1409,7,1413,70,43,12
bf296bcd74f0fbbfe591a851b517ea96,relogios_presentes,57,2910,4,887,43,38,12
4fb78a0fa796653038bec5ceadfadace,perfumaria,37,2837,4,4962,25,47,28
bac766cf62eaf97c3e70db4fa7a26aa5,moveis_decoracao,31,3809,5,2723,30,53,6
4ddc7667e18a26ae6a76cf304385cfea,perfumaria,25,801,5,602,65,15,42
fbe41cbfbbee19ae7c20af7b0875ebb2,beleza_saude,59,3526,3,466,62,29,57
aa0ae450e1eb1aeedcb8b7a3e4e8d019,brinquedos,29,2339,1,2478,10,46,38
acf6d9e3c66bc68fe35ea721944cdbda,cama_mesa_banho,24,2047,3,3400,44,30,50
acf8c25aaf0dab6aa23eeec971942d8f,eletrodomesticos,45,3275,7,4256,76,43,35
e209da5adaba8eecbd5f2acfba7ec8eb,telefonia,46,897,6,3497,71,43,31
e3578bdad9886ced9cec7eeb302f7927,moveis_decoracao,34,3944,6,4386,50,33,6
d9b3bdfcf8a6dd8011d8bbd324ab4224,esporte_lazer,23,2856,2,501,64,39,11
5d80befc3fe6fe2878bad46444f4d3a8,eletrodomesticos,44,1932,1,3063,37,53,11
dea4f6407a51e3b57454ccef29feb8dd,ferramentas_jardim,62,125,6,3934,38,20,12
a571b2ec39cfddac1eaad4db29dc390f,moveis_decoracao,36,2711,6,988,10,35,36
dbf3225b540f5cfed7d4f50da0c88b4d,telefonia,69,3069,4,2999,55,29,42
bdeb1ddaef35f0046b95de29b9ee88e4,beleza_saude,29,3338,7,2231,41,32,49
514ee39fbabf813bb59afcf762e3a0dc,beleza_saude,28,1431,5,3497,30,11,32
acee60497575c8a1b7ef1f4aad9bd2a8,bebes,51,3089,1,186,37,36,5
7e80a289ea111abdbd0dfa907d3dfcaf,telefonia,28,1733,2,3581,12,53,14
9bfbcab3cede579a70cff3e93a308adb,moveis_decoracao,42,3947,5,4992,11,44,9
aee6fbd6bbefe00bb3ac9cd3acd2699e,ferramentas_jardim,50,1371,6,709,72,31,33
bc7a2520f1efd8b0adea6a8c10b0f2f0,informatica_acessorios,48,237,3,3576,77,59,34
5acf36baf3a56af8acda9e796c8ccc1b,telefonia,32,1962,4,2046,35,52,26
65bcd3cf5fc8beecfeadf3ccfc620353,moveis_decoracao,21,2913,5,1954,54,56,55
1b7aafe13b417d5ce2bde8d63d7aed8f,relogios_presentes,59,2375,1,2609,67,51,47
ca2c7bcefda5cfdade051ad3cdaaf421,cama_mesa_banho,69,2114,1,2534,32,50,47
5ee419e3aa1fbcfdceff7cdb9a9a9fca,papelaria,41,1614,2,311,31,18,19
57917dee6e8dcea2e25af6e58c9a704e,automotivo,69,2756,4,976,68,40,33
f655ecdb377ee229ac206ae34bb9ccb6,papelaria,43,2255,6,3628,43,41,56
ee8eaece80adab109ffcacdde82e7da8,utilidades_domesticas,36,3611,5,1007,77,42,26
0f6d168bb0f621871ab20704fee4cc77,papelaria,30,3671,6,318,54,11,21
b5bf9abcbfdd81c8dde4cc5b2e41a9cc,ferramentas_jardim,48,1071,4,2204,50,49,13
c387eccedeb48beabdef35dd6a90bc6e,esporte_lazer,59,967,1,2287,31,15,28
59c04ea8493bee2cd7ebfbf96b8d1a33,papelaria,63,2383,6,832,15,23,47
acaffe90d21bfa70fa936cfe260ca9cd,utilidades_domesticas,64,496,4,2042,62,16,31
77af7ae551fcbee7a7cb166a51a8fd37,utilidades_domesticas,62,1913,6,3147,51,19,59
a4bb5c5bffbb6e410dfaf53bda358dab,esporte_lazer,32,3730,7,2605,70,44,45
7a40de5645eda3daedbd19e4ecffebd3,automotivo,23,634,1,248,68,14,5
de7d8aabbfd9c9e98879bfa2d9d4d747,beleza_saude,66,1187,6,4806,46,55,58
f65ce09b5ea7e2f9e269cf3cf930b0d5,ferramentas_jardim,27,671,3,2839,65,15,15
971fa3e2d2d6cc5dbd10683dbd24c7d0,brinquedos,35,1158,7,2040,70,8,10
eb28a9eea92b4ce2b2dc37be5fd4f524,telefonia,60,1073,1,3013,20,8,27
8a76ef7da568df31190fd2edbacbbcc1,bebes,47,2156,5,215,30,23,21
da3dacdfbd4aa83e7eca1a3d2eeddfbd,telefonia,47,993,5,4684,56,26,28
df9f12c32cde63c43b27ed381afde946,eletrodomesticos,49,2923,3,288,59,41,10
551b3d04cbab8dd0c15cc67cc5da1609,brinquedos,51,379,5,3746,11,44,11
d353ec13bd1b080bb7eebeeabef3f2ca,eletrodomesticos,33,2848,3,4887,77,59,10
a8fce8aabd4ba5ebab4edacfe42d3495,relogios_presentes,28,814,5,2207,62,20,15
e7baf5b2bb0febd859fafdcb1bb5522a,papelaria,52,2507,5,1629,46,56,38
19da71fd533fc5965f9be9bbe4fe6fb0,papelaria,66,1790,1,3825,42,7,12
e4aed5efb3a5dfe6687d6936edc8b0bd,cama_mesa_banho,35,844,5,3094,33,9,9
b226d07fc369a852148ac8263d6c0ecb,bebes,67,1445,1,3586,70,11,56
fc1489875cd7d0cb6928a05bbc831bf8,telefonia,56,1082,6,2157,54,11,18
a97361a6ca03faff6aaab95beba4bb1d,cama_mesa_banho,58,3240,1,1150,52,54,42
48adbd2d4cbf1285c11a3be22f56abf9,cama_mesa_banho,55,1615,1,3852,65,29,32
c0db2abf4b4fb2e962dcb0325abbd7bf,beleza_saude,31,1865,2,2160,19,38,18
b36eebecceb44ee89e18adaa2fcebaab,brinquedos,56,2119,7,1183,29,18,39
c53a169d9bf9d8bcdf29c98fb9adc8e4,informatica_acessorios,25,2776,6,3406,19,32,34
be9df20a29ccbbd4f9e5f3b6fc8a0dff,esporte_lazer,39,1918,6,4189,31,23,16
c479e4cb31fa6eed35eff071422926c5,papelaria,40,2228,5,1411,25,6,10
8ac3d73b3afbbba79ecc5e5e4fd1ca02,beleza_saude,22,908,5,3893,78,34,30
abd0eec948fc1cfdd38e718ffeba0bbb,ferramentas_jardim,64,673,5,4108,45,19,39
6f11afba1b8123eba1236f303b8df30d,beleza_saude,69,1020,4,348,26,47,32
dfebfdaec1eb4fafdee5a70b5efe2aec,cama_mesa_banho,29,1407,1,3919,76,10,18
aa7bf80694d8ecc04f0311acc9ef4f70,eletrodomesticos,62,3526,6,3603,70,25,54
dfe1eebfdfe7fddf42b6f68e67ee9c9b,telefonia,64,996,1,2652,63,51,12
a0fdbd411f5a381ee8e24a3c0f0e4bae,perfumaria,38,3094,1,3642,30,6,18
d0b5d65f4abfb3bb3dfa6f06b80a9c36,informatica_acessorios,57,3493,1,2372,24,42,47
b15cfd6bbfd588c371fb92db8202deef,ferramentas_jardim,68,1484,3,1618,63,29,6
edcdc6ca5a6eb9e6ea9c66c0eba3bbf8,telefonia,67,506,7,893,47,22,42
1af1ccfa8a5d67af27bda3d147d02dac,bebes,40,1532,4,4857,27,17,8
d27f16b008e32e4ec3a8f0a634ec2d08,esporte_lazer,56,2742,5,215,65,49,56
a86168bccf0fbe3dff8ee253ab7c028d,relogios_presentes,66,1126,5,2072,51,23,41
4e9bdbfeecab81eb3ded3a383dad59a7,moveis_decoracao,67,2643,7,4665,18,58,50
bf341fa8a2be4bfd3ccedaf022d5901d,papelaria,41,2440,5,3953,66,10,5
dcbfabcf402dfec87cd956d5baed0a87,brinquedos,32,2155,6,3299,19,44,30
fb29fdd72baccdab3d2f2e0b2f5f7fc3,telefonia,38,3109,3,3131,22,25,35
9e5fbb4ba219ebaad1f1da2b39e4bb61,esporte_lazer,51,3685,3,4490,67,24,12
ba8da3d91ededebec32d4b558dc90ebb,eletrodomesticos,32,2665,6,3100,60,10,32
96420288d8d327aafaeeb0e5bffa952b,brinquedos,63,1617,7,706,78,48,39
9cc4a0ddcaeecffe40bc1cba3e4ead9d,relogios_presentes,50,3751,3,908,74,10,41
4c3cfaeeabf727b2f147e4cd9acf1a81,automotivo,33,3724,7,2424,47,30,28
5ca6f9d04a344cce9fde1d00f98c8e6f,cama_mesa_banho,66,1219,7,3287,77,38,50
bfcb6bb4a8a313e8cfa3ad7aa927894a,bebes,44,1903,2,1130,12,26,59
d67f805defefdc42dafdeaa550ba0d9e,papelaria,66,2791,3,2649,62,5,55
d53c7b3cdeafab9eacf0c01afd6a6ccf,ferramentas_jardim,63,3884,1,4743,52,35,14
fea4024ac0b84ede0feae9b5bb28c63b,papelaria,44,1516,7,1764,25,57,15
099cdfad59fec0ce5727a6b39effbcef,papelaria,65,3856,3,3477,65,34,43
ecadc0aaedafc7fb65add52b5be76eda,bebes,26,2112,4,2875,76,50,38
eaa6eab810fac9fbfa97378c518402ac,relogios_presentes,40,1678,1,2800,27,53,47
2e7f402ed93cbb17bccced4ae1fffc13,relogios_presentes,65,3983,3,2199,52,28,20
792d9faddbf3ecf3b17afa362b7d5bf8,bebes,55,1859,7,1177,41,34,54
ee4199049628cab4de8bcfeb7e533e02,brinquedos,48,369,3,4441,29,23,13
50a0fbf1d73a442e83cccfcd6375daff,utilidades_domesticas,55,644,3,3586,72,17,23
8cd92dfdda8fe9a4c9dbcfbec2bb6a00,moveis_decoracao,25,1807,7,1590,28,26,54
c17bbf3e4d5384750efb72dc2327cb6a,esporte_lazer,47,2475,6,3603,51,35,34
e9bc6006cc46f8efe2ee7ca6e50a15b6,beleza_saude,29,1715,6,292,67,36,24
8de18fbce87e0d51d0fbd6a6156261ff,cama_mesa_banho,25,3079,1,2760,21,54,15
1c6cc8af2edfd9ac9ec7fb26d503c438,brinquedos,60,2338,1,3628,71,17,58
35d7b9e0f9dbed7a23cafe4740f2689b,telefonia,59,2994,3,687,40,49,37
3dc9f52a282dc726d522bfed7bbed9eb,utilidades_domesticas,52,3145,3,283,71,38,36
4b50c29eaeb7f7f99c84c71bcdf2621f,informatica_acessorios,48,3426,6,3383,64,20,44
fc376fe59dbed7fedaa13f53ce754fba,papelaria,68,1016,4,3437,46,58,27
21571d4cddd13527be5ccbbf7f1ddb9d,utilidades_domesticas,30,631,6,3462,50,28,27
ceb70b0263b827bca9cc3bebefc6ceac,papelaria,66,2753,7,4027,63,35,18
d40c12cad7a0fc0d9a8e5f6e4ebf28ba,utilidades_domesticas,52,2892,4,200,77,50,24
bd1ecbf7abebd8fbb9858e67b711f5c5,beleza_saude,44,581,7,1230,36,28,19
b812e971a9044bc616434cc7abd11bbb,cama_mesa_banho,51,3980,6,2700,19,52,19
1d6d7b3b6eadfdc2c339bda69c8b196f,bebes,65,1642,4,2239,41,14,35
94b20faa0f68565ca8ceeb9d97ae583c,cama_mesa_banho,40,3406,4,4826,30,23,7
e378f81a51fa16f7aa9b7ce9bd75eab7,automotivo,56,386,2,4561,52,35,49
a80ed6b0baf9d19cebeccfccf8adb7ec,brinquedos,58,3557,5,2298,19,25,43
b2ea3a9bd8bed8fbb5eccdf7cbdf0c8b,moveis_decoracao,32,2716,1,396,35,17,52
d7fa47fff1ebe99fff0b69c27d3acd00,automotivo,38,1733,3,1654,74,45,13
e5cebecccd6afa60b6f27cffd25b0cce,relogios_presentes,30,415,2,3317,75,31,9
aabdb83522aed0cb8abaa53b13f8281b,telefonia,22,1717,2,2926,18,17,35
db5fdcd45ecea9d88dedda0c7fae0cf4,ferramentas_jardim,34,1522,2,352,34,23,54
ba652aaefde6a6a41b39fabbef7da01d,eletrodomesticos,64,1783,3,2147,52,26,46
9bb4e9c27b9231cf6bb7441e0ffbdc22,papelaria,68,1673,1,691,71,27,22
dce3b2caffe3903cfcb43a0c1fc04b4b,brinquedos,50,3830,3,1644,70,9,51
ccb57b59d43fefdd346ea6dccfe5b4fb,automotivo,46,178,2,3428,62,15,41
735b0e3bdca0dcd58bfeb8bcfc82ba4d,papelaria,69,2777,5,1048,54,43,11
ba1cff6ec80da3dabea782b1a21bce6b,automotivo,35,3542,7,948,61,32,37
6e4838ab75fa75fcf9b32c8a6ee0cba6,esporte_lazer,45,3481,4,2987,56,35,53
5abdea31ce8cd0bd8734e1257e14b529,eletrodomesticos,31,3797,5,4804,36,31,7
b8d936c0a27daac99d4a07b2cbd34628,relogios_presentes,66,3282,3,354,58,41,34
27eabea207e0fe478abd7eaec56e67ec,ferramentas_jardim,27,3681,4,3650,70,35,10
5bdbfa6ba329eafe9715dfb6e1ddaf41,relogios_presentes,64,2701,7,3101,73,52,16
bb7d7d7e16f314bea0eb62a085c8bdbd,papelaria,28,724,6,1277,41,48,28
f4dbfafc2eae5beb2e6d1e20be1257fc,beleza_saude,23,1510,1,1989,61,33,42
41e7816ff7d6aa5b395066079f0ecf90,ferramentas_jardim,25,3025,3,1506,55,12,32
743d2ce2fe18e02db28cdfdca26a4e64,ferramentas_jardim,41,746,7,1878,12,29,58
7aa069e1eecc51be80fefaae0d6bf2e3,relogios_presentes,53,2583,7,511,48,22,42
22ded5482de8e10aaf350ba7a2fc92fb,moveis_decoracao,62,401,2,4776,44,22,13
7e9eacf8fb29fa4bfb936beb579fbdb7,utilidades_domesticas,37,119,2,996,15,58,48
d9ee1dc60de2e681ae90c4050c64e2bc,bebes,67,1037,3,1485,49,14,17
a869816b74e35ebc5acd808c86cae56a,beleza_saude,68,1473,6,1221,75,43,52
fe4ffaa2faea99efa2a060eec6f38a97,moveis_decoracao,45,3634,3,2447,14,14,47
ed8ee42da16aed5be6f8ad882fd0e0a1,automotivo,36,497,3,1828,60,9,6
3c873d64ae04e6da4d6d3efbdef7b378,esporte_lazer,56,653,3,3446,45,11,44
aa5d86f5fbef9afdbfc8ca10a67ce28c,bebes,22,1006,1,2611,58,40,12
f96a5a9be7a3ede32650baa48a29cea4,moveis_decoracao,37,670,3,1228,61,46,50
2ab652f3bdaabc8daac49b3edbc15fcb,esporte_lazer,30,152,1,4233,73,16,53
cf4dbceaf94f3f6457132a35e2745e82,perfumaria,46,820,3,1400,63,15,15
c28ecbaa1f2c18b1211dbaff2ffa0b03,ferramentas_jardim,55,1278,2,4058,75,35,50
37665f5fd587add87edce42c6a231a23,informatica_acessorios,62,2394,6,143,12,53,12
abc6064a8404dadeac0b2d93f5db7e7a,brinquedos,56,1738,6,3359,15,23,43
ccbbad272096bb6abc0c3c1617ddd0ee,relogios_presentes,66,3237,7,4787,72,36,23
b3ad8914afc4dfbc43ceccf52f7c1c6b,moveis_decoracao,45,3203,3,4171,59,16,55
06e45aae8cd4515cdd48be11a4b7feaa,papelaria,62,2439,2,1213,68,5,31
df8daf6a1da7ed2c2745cdf94f0fcfad,perfumaria,50,1006,7,2659,14,22,26
aed2b4bf9ea2f297a1b0cc8b55aa21ba,telefonia,31,3766,3,2558,47,17,36
7f90d60ceb1833dfaa0bcd2c50ce4497,ferramentas_jardim,37,140,3,2960,18,47,41
30425d59baf0134e673e3ca6aacdabbd,bebes,35,2409,3,3273,20,38,8
d7f9acb79eceade1b5afda345ef7dcdc,utilidades_domesticas,20,1091,2,2504,21,18,10
bde6d13edd1be7beadada284697bdfb8,perfumaria,64,2968,2,688,69,41,53
a6ce1ca5c23bf8ead747fd9ff50bf5ff,informatica_acessorios,28,1499,1,2174,21,5,32
b3f27581071faeb0ce3afec5b13d7fc5,cama_mesa_banho,68,2617,6,4078,78,12,18
d340d9de2bada7f3fac661bffffb3b22,ferramentas_jardim,50,3302,6,3665,31,25,9
8cefb55cb026edc9a857b0ebeeb6714a,esporte_lazer,35,708,7,548,35,53,57
e1db810f6dcf6c53b45ed657ca9f1b29,automotivo,38,1915,4,4128,63,33,25
fb2375e3df732bcbddd7ad3b8246a4ff,moveis_decoracao,38,2631,6,475,63,31,12
d20c4f45e239fa65155bfbb752cbae08,automotivo,24,1414,2,610,30,50,44
1f428396eaa0ce5f2e79dbbf45c861c8,eletrodomesticos,30,2729,4,3760,27,8,22
81e5eb41fa2b9e0b5bbeaf76e5ced3ce,eletrodomesticos,69,2267,1,4879,67,34,45
d9b8aced272d74a80bd9c134b1dcbecf,perfumaria,29,2407,7,2250,12,46,45
9b3a98731bddb3610d89b89a3f1cbe86,informatica_acessorios,56,2628,1,661,65,52,9
8f6bca7f24a417ff2a91eeae3ead0921,beleza_saude,49,2052,3,3260,73,50,13
28dfaddc1be1c8ff66c83ff0d08dbade,telefonia,43,3749,2,4284,44,33,18
a2ed6fbdba65111bbe0d6cb7dce1818b,automotivo,65,2162,5,2366,16,47,23
b9ffee9f8a92c17eb22b44cb05594ba1,moveis_decoracao,32,3149,2,3445,43,48,7
2c97e11f7d7564cd8afebedec5366ba3,utilidades_domesticas,58,994,7,1833,10,31,8
cbe0f4cb79ecbc9cae0f7d3bbe58b0ca,automotivo,33,2895,4,3572,71,30,34
12de2016ce959a7dfafcfcfcc8aeb15c,papelaria,22,1218,6,403,35,12,52
ccaf7eec9e20088dfa6b7167fbcf239f,bebes,48,2613,5,1199,13,26,15
b636bef5229ea4d2cbb24dfdd5db0e00,cama_mesa_banho,36,1344,6,1666,20,57,7
aff6b44dcedab8cd24fe4c5d1ade9f26,esporte_lazer,30,1454,1,4507,34,48,12
45d566a4eeb429ed8accdc7925a0bc52,informatica_acessorios,46,593,2,2096,70,21,46
e97a07aa8f4f68d8a0a1aaa79feafbd7,automotivo,24,1081,5,2394,45,42,9
338235eb9f43ca2d792d7aedea2dc6ed,papelaria,54,3464,6,1495,34,57,48
66bb115f578da0fbdeda68eb2fcada77,papelaria,66,3662,4,734,25,21,50
e20fdfcccfbce8df33c4d7ba54af711c,relogios_presentes,33,1509,6,901,56,35,59
fa76b2ca50faf5048ef4e3efa1cfe03f,brinquedos,44,2132,6,4959,61,43,53
c2f1b4f5ac5eadeee6cab7083c334bd2,papelaria,68,2965,3,3246,26,32,29
ffeb6c91e36b0d9f88725ed7cf42dad1,telefonia,69,2261,7,4059,69,14,47
ecd8e1bffcced4bbbf9feee7c6e9efe6,brinquedos,32,2352,4,1372,78,53,36
23eb77ce9dd1f9fc6ac1615d9dcdf59f,esporte_lazer,20,814,2,4862,38,7,37
9c1c9ac6ddcb8e7acebb5ffdbeb2cb1c,papelaria,67,2287,4,961,71,10,56
6ac1d5ae0cffd8e63c03bd71df57e2cf,esporte_lazer,31,638,3,124,10,15,43
a3dfbb5aa31b2342ea6be247caf56d11,esporte_lazer,60,1066,5,1821,40,23,54
c8f6ebfffbf2c934dfe88cf8bbf49cbb,brinquedos,45,2074,7,3320,20,15,23
27b1cf84a9ba0d9df1fdbfbedf8d0dbd,relogios_presentes,24,2798,4,316,38,50,54
2a0fd1d93ee7efba38eed67c67ea1daf,utilidades_domesticas,68,3698,5,4643,76,39,27
78cfbeed23a9e8008b4ade063e2d5447,cama_mesa_banho,68,1718,2,620,49,6,11
88ccc4cc6d2edbcd434cfedae669a30d,utilidades_domesticas,32,2166,4,2604,45,59,16
ae29bd199ab5d42eba5851db1bad39f1,utilidades_domesticas,43,2489,2,987,13,22,18
f5720ca9d03e15778418f70fa0b75adc,perfumaria,29,1157,5,4154,46,8,45
1bacf3adfacdd1c0a12f2addbad61e8d,relogios_presentes,27,323,4,2184,31,58,10
10b6bb4bf4c1e11529ca4b6dd47f07af,brinquedos,22,2391,3,4027,12,28,13
e0d25dc6cbcd92e376b8d64db35fbdc5,moveis_decoracao,22,1903,6,871,68,33,31
9db36f50cad6a8dec52d66fef5bb44cf,papelaria,66,1383,2,3952,17,52,50
b8ab38b10dafcf3cc0fd92aa4032f48b,papelaria,68,1895,5,4424,19,21,30
a96da6fd02ec9fc1fcbbf16b43cf2aa2,bebes,51,2748,7,2497,22,15,49
bcd0440cb0fb4940a08e41eafc8f52f9,brinquedos,43,2562,4,4083,25,14,45
bde54bfeffc7dd9638ac27bde94dbfa2,relogios_presentes,41,3281,1,1432,77,51,8
3a5e2fcb7e9d7b7dd1d1fb58bbe3a14c,perfumaria,60,355,1,4500,18,21,12
03bd58c70271d6385f71e9bcc85d3cde,cama_mesa_banho,49,323,3,1699,55,32,15
0e8fda4dd7a1affd88f11ac7d7bcddc8,perfumaria,43,1889,3,2714,32,23,48
ccdda1c8c586e0b5a510f8bbb06efb90,telefonia,32,1383,1,3520,59,42,14
f2cdeee5ada57e2cfeb109ed17ccfcdd,cama_mesa_banho,42,1239,6,1750,39,29,46
fa8bceead512b2f6febcdfc6ebaada6c,informatica_acessorios,55,3297,3,4116,70,33,42
e27e4beba4df9ef7ff2f34ec1beaa5b5,papelaria,65,3370,2,3610,41,13,25
1ccabfa3ead08c93eb12a9667b792eeb,moveis_decoracao,68,3835,6,4952,50,46,14
abbaded4cf3ad35aff1a61f3ef427e25,telefonia,34,773,7,3110,75,27,27
fce0d18c597ea0ced31fd3900df6ce26,papelaria,53,2314,3,1656,45,9,15
f270f8fbabb4c061b0affeeeb28ee4db,telefonia,22,705,2,470,13,50,15
51f7a3aefbddc51cccabacfd6dd8df5d,moveis_decoracao,47,484,7,1270,62,40,47
541edcf0c25f22d9efbdf1c351efa178,bebes,51,2085,6,4095,36,56,59
f9e40eaa3c5961ffcfad8222deea5d5c,relogios_presentes,56,3722,1,2747,55,56,11
f9e50cdea4d1246b4bd4c45b1fb01fd4,relogios_presentes,60,401,3,3495,30,50,56
c25f9bc778d31aea5e7f2ab6f7b4c54b,ferramentas_jardim,27,1106,1,3579,72,38,12
4d9b5edb22e7f50f8b5faeda16a6b73d,automotivo,28,236,4,3633,20,51,18
adde53cbe7cf9e49cc38f18dbeff3f8d,esporte_lazer,45,2703,4,2441,33,28,18
97ef9a09d220fdcbdcc35cf19eec95bd,relogios_presentes,34,3045,7,4261,33,22,8
adefe38241818fda05c970d0b446e2df,eletrodomesticos,33,2383,2,3693,13,27,20
edcf2679a6fa0f9e47fafdb81d4c7efd,automotivo,44,200,3,3963,69,19,28
3abaae7b6a344defd9d1c9c601a8cd36,papelaria,54,1908,4,1773,68,39,57
76b85d93ebcff0cc6d3dcdcd4f7e546a,esporte_lazer,58,1532,3,532,53,46,24
0255fb4cebdfbd22a2ea37f2e1b17e0d,papelaria,21,3319,2,2953,13,8,54
7a1dfcfbea8f7e3cb4cfe31eef971302,cama_mesa_banho,53,120,1,2514,57,28,53
5f04fccd08a0e79c4fcd1a5be967a9b5,telefonia,52,2495,3,3441,71,7,45
d310eecf5e5adae1ae8d647edfacd9dc,perfumaria,63,1785,6,1854,23,49,22
361ca624158c916780c60beadb6c7551,ferramentas_jardim,57,1330,3,3456,33,49,7
e0aa6b9e7cfeaad9e7941dddfd2882bd,papelaria,20,418,2,364,36,6,46
ff4b2859b085cc9dc0158f91d3b08e4d,automotivo,27,3891,6,3502,65,47,51
b41a224b7d6acfae0c0f174a0bbadbba,esporte_lazer,47,2532,4,3157,36,11,56
7b15fb63c4ffd8b63dba4b3a679eadd7,esporte_lazer,54,2849,2,3877,46,9,57
536cd9dceef6ceb7b8d8dcecdc9cefe9,ferramentas_jardim,69,3495,4,1242,10,45,54
04fa82c24d7bc1110cabaefbcccf68f4,ferramentas_jardim,25,2769,1,3905,11,58,14
acacba9f140878edcc82dc626ad01b3f,bebes,40,2810,6,1880,78,5,30
cd18ade23cdc2d84c55aec3db5ce5b8b,utilidades_domesticas,69,1169,4,2278,37,47,33
d9cebdef6c0fadf2ced6d4debd0ddd17,papelaria,55,2127,7,2404,65,38,49
8f16ccf9bedff5ab8edd036fbddee32d,perfumaria,64,983,3,1577,44,32,5
d7badffa4b588ada2a5be61ac08bb54a,relogios_presentes,64,3453,5,1598,67,19,21
c7a7b2d1bdaba0c6df0be424ab73f8dc,papelaria,69,3703,5,929,18,58,19
b0f34fb47af916bdc47a932f3757ea6a,moveis_decoracao,54,1477,4,4931,51,28,27
ba8b3b59e3fe2db35a7e4dafd9ee4e76,relogios_presentes,31,2270,4,565,38,40,8
de66fd515e7f3a1e8bcdd46466e13b2c,relogios_presentes,68,3457,5,176,46,54,6
fc2c4dfda3c7efac3ac7cda5ddafdef3,esporte_lazer,59,3373,1,1228,60,55,47
d855ac6dba0aeecbcf8afe5737e3bbfa,perfumaria,46,2448,4,2930,63,7,16
c0c5a5d2b1ccbfec0b35fd65f74b52bc,cama_mesa_banho,22,3205,6,360,17,19,18
ae3d94bafaffd1599c87cbcb2f1ac51a,papelaria,45,2045,3,904,55,48,40
125f6ffaeb7098da22a3ab665c6f0856,beleza_saude,60,3664,6,3292,13,23,28
f4dcb347c0d7ddb80db27fa3998a528e,esporte_lazer,55,3402,5,1879,65,43,48
776ddb9dcf33ef8aeac2c71d313a2d3e,ferramentas_jardim,49,2622,3,2059,29,19,40
65c092dbb3a506cb2406d2e5c80a09b3,informatica_acessorios,39,621,1,4314,40,36,54
d6dd90f6295c8d3afb9d87f70fc3df40,relogios_presentes,25,3755,5,3236,40,43,16
7ded5bb87fe372bfaefbff4f2de15c7f,moveis_decoracao,35,3848,2,3626,75,37,21
0fba7be5bd4bffb9af1c85d4333b0bbe,ferramentas_jardim,62,3322,4,663,40,28,15
b13f6a38c9a7cabe1bcbf4aac76fffb9,brinquedos,40,698,5,2216,61,30,44
119aa4ca1eecef979c78d45e7a26b8bc,moveis_decoracao,56,724,4,3774,51,17,50
a11afc88fc4a71fcb6899cf7bfe61ecb,moveis_decoracao,29,3974,5,1680,23,54,33
2e3e1d34c8d04e9eebfb65fa390aef5c,eletrodomesticos,60,3343,1,3450,33,54,17
b79ca6dfe2ed16a03b0abebc6cdfbffb,brinquedos,21,2691,4,2820,28,32,58
cbbdcb8ece566f71caba03a994d4b707,papelaria,58,3941,3,4363,36,56,52
74c2f1a62df70c66e68fb029eb5dfac9,bebes,28,3891,5,3904,50,16,59
fef7ddeae02ae2b28ad02a5fbd0cc936,eletrodomesticos,25,3254,2,3949,39,18,18
e6d9fadf62a889e926bc0c9a4fb369e1,esporte_lazer,35,3614,6,3386,54,27,54
ac6db15cfc01c6cfce254986beaccb7b,informatica_acessorios,33,3777,3,1773,43,46,44
5c774beeea22e9aead015cb8acaced0f,ferramentas_jardim,58,448,2,4259,78,12,54
f8ff8341d7e4ee93de8e93ad5e4dd4b7,beleza_saude,33,3919,7,3220,23,48,10
9cf75f95b536f30be7cd8fbfed1ebc90,eletrodomesticos,36,2589,1,2026,65,10,25
0eaca471a9cbd7e0c5e876d02eb841bd,informatica_acessorios,20,2667,1,1476,46,16,17
9a640b1eae60ab25668a5eab78c29689,utilidades_domesticas,61,3132,1,4301,42,12,54
5cd7b0b52d53103bbcbdbbcddd7dbfb1,telefonia,36,1370,2,4442,30,37,18
b1fb9cf7017d4f4c9ebd8ecba07cad0a,brinquedos,64,3168,4,1792,55,32,56
a2231fe42e2aacfee3a0d3a8b27bea64,perfumaria,53,206,6,1044,31,28,16
aed6cf3b4c3edffeebe5350f9a54fb3c,ferramentas_jardim,67,3915,2,1668,35,41,37
7de50fab1aacc6dbbf27edef5b8c53eb,bebes,53,221,4,1133,25,47,12
9cd7fc1edae7212a602c2f0522364a98,bebes,21,1999,6,2603,21,47,25
0ce9d391f2b6f3de9633d20ceab2caa4,informatica_acessorios,55,888,7,1489,77,25,45
dd0f0b5ba9ac7c88dbcd7181f26df38c,cama_mesa_banho,45,398,1,2085,23,38,12
261c8faeefa3ab7d275a99edf10236a5,perfumaria,49,898,2,1898,50,26,24
c0664d7a7c6bd1eccaf278c2ec081a50,cama_mesa_banho,37,1421,3,4186,50,28,46
cbcac696a282aad1ccee1bfbda413716,bebes,46,3801,4,1158,49,47,16
0cf2a1f99a6bc7adf1f94421de4551af,ferramentas_jardim,30,2437,7,1739,45,41,41
70dda81ccafbe979c5ba6cb16ad5dff6,brinquedos,27,1641,7,4453,64,6,27
fe6a0abf5c93969555bda9e4c3dfa687,esporte_lazer,22,1275,7,2000,21,44,46
10d7faa953ee76de391f2c219fbb77d9,cama_mesa_banho,52,3255,5,3209,72,22,30
f9c11fe4dede018caaa3f530cc71dc79,papelaria,48,2711,4,2263,21,40,11
a80cebe8c1f6d9bbbef73ab5e06c5bfe,bebes,43,1695,6,2435,10,32,16
5a8ea48fff6ec74ac8b2f7cfaeefd51b,relogios_presentes,39,1256,2,4732,27,32,50
abdabc7007aad718b6c4efbaf1eff9ab,automotivo,38,3755,3,4739,41,5,52
9b39ec6fb844a3abaf9072fa6ddc332f,bebes,63,3853,1,4236,33,51,57
da79b6f577affa21ea3efea4e8f5261f,beleza_saude,29,1547,2,1592,51,27,41
8facd0efb2ef8ed9f43f0edbce6ed5fa,automotivo,53,890,1,3756,22,15,38
303eaefe2ad6d3baf9c0cdd1c0c60210,relogios_presentes,33,840,3,2660,69,59,45
e1a62d54cc7900b2e2a76eab2fbfcdd3,eletrodomesticos,64,2169,3,4116,31,49,59
ceae8ffda8cd0cfda67ee97ac586877a,moveis_decoracao,39,2570,6,3939,24,57,32
748b0ed617cdd23ad0cefab86e72cf2a,brinquedos,22,561,6,2191,17,33,37
df6ee806a5e8ade76d662ee226ed4fca,perfumaria,23,1465,4,3923,55,9,38
adadefbeefb7bee26ed74b66b1c5be74,telefonia,65,311,7,567,53,24,45
cadc7cabf9eaf6b510af27fccb3b8de0,esporte_lazer,62,3422,7,4099,31,30,44
b4db0e0ef4188ac30db8e2a1a412e4bc,esporte_lazer,28,2351,4,4918,13,10,6
761dd4e7aed00b7a440a11bfbc09fb6d,cama_mesa_banho,47,2247,5,1286,31,27,7
ccde2e3d3d8bc266d12be238ad669805,relogios_presentes,57,303,5,2322,79,43,31
546a14a6cffc9feefe35a4da6a97f0f1,beleza_saude,55,557,2,2544,70,50,25
e6fdcdb3dcbecfe2cf38d709feaf1e9d,beleza_saude,34,3861,4,678,25,51,54
26afb29cb8bf1bbb76f0bba1feb9fb2f,ferramentas_jardim,65,126,6,648,66,53,24
0e1c32fcedfca2a8e1bf4eae2cbfff7f,eletrodomesticos,29,2882,1,2938,33,28,50
7bbbf318f14ce1fff56de0feb5affc19,moveis_decoracao,69,1668,3,4188,38,15,54
cbfe2eaf2431aa383d233a13b709fc12,perfumaria,69,1227,2,848,51,22,39
9cc0abca6c67b6a5f13c8347f7b48934,cama_mesa_banho,57,122,7,242,18,44,39
dccab2e75aab5a8221d540febf50af82,telefonia,68,2312,3,3377,63,41,25
df1a483e8e7d8fe3addbc5f816ef9e12,esporte_lazer,67,1276,3,1461,30,16,36
acbf13dc392fa8f6e5af0bfa4adfaf7e,relogios_presentes,56,1774,7,2421,42,8,54
0df636f4dd6ee49bef5afd75b0cedcb0,moveis_decoracao,27,741,7,2645,14,29,37
fd8ef89bbfdba36dfcc8ca5d43c095be,ferramentas_jardim,20,3042,5,158,53,17,45
eef9fde3dfb708cf44cbff56bcd3196f,utilidades_domesticas,38,888,4,2270,33,53,40
6f2fa620d1a3ed8c60fb0dade3edc35d,bebes,44,982,4,224,71,5,43
c6addceedf7a88cddbfcdb6cfed45ace,moveis_decoracao,37,2904,3,228,76,47,7
495e0dfa2da48ddcd79aca0b694e5e8c,telefonia,21,2167,7,2931,10,43,28
af12ee9ef76d45feb1be0eec3a06df47,bebes,51,1466,1,189,54,39,22
d0dcdd2c3fbc7fce4027da2dc1ef9f83,cama_mesa_banho,24,3114,2,1022,41,44,59
3fb7282cb5dea49f25d4b92a1cbb3d9a,eletrodomesticos,51,3845,5,4254,22,8,41
af6accd0e0fddfe298a140e59c748fcb,relogios_presentes,68,2974,3,2498,17,23,42
67b7246ae7ae90b914fc6b0fddf9aec8,perfumaria,28,1978,3,2504,63,53,27
9e7aaf657dbdaee6d6c56121c4ed8ff8,automotivo,61,2840,7,3726,48,42,22
5fc8fd2e5f3f3aacaaabc77d270b58fc,informatica_acessorios,53,2864,5,604,46,44,15
37cc17e6cb0b77ac616d032ce2b0bfcc,cama_mesa_banho,59,3386,4,4824,70,30,53
5a7fd5bdd81a6af0017b5caab14c82ca,automotivo,66,521,7,124,44,56,44
bf8abc2ed6bdd10d39fbc62b029d75be,automotivo,33,2610,2,1262,73,7,57
0bcd4db534a09f62b5b7b60acfeefbe7,moveis_decoracao,42,352,6,336,32,18,48
8d24fcb2c0e58cbe9eda5a45f6af2cf2,utilidades_domesticas,39,2653,1,3508,59,20,53
3322741d6c5e6b59ee76c2dcf66de2c4,automotivo,43,2702,2,4670,27,39,9
e0d3b58bfba7aedccfb584e4d1f2e1f9,telefonia,22,594,7,1131,71,36,9
9417022a0769fcacf2b9fdebdeb54bc7,brinquedos,42,1969,2,3060,70,53,33
673d649fdac05d27b3d7bb3c13515541,perfumaria,64,3700,1,3211,64,5,38
fc570ba84e64dfdebe391ead4cbdd17b,papelaria,65,1146,7,4676,54,39,34
4f4bf8ea967eed46ffefe3c49aba4768,ferramentas_jardim,40,1866,4,2462,67,47,24
3aff27b741c9bafc23af1e38eae820f3,perfumaria,45,939,2,1907,14,52,11
f2f2eebbba7f4f879da7f419dffa1240,bebes,36,1080,2,1901,60,54,15
fbbff4d39433eae4e2bec953e2ac355d,informatica_acessorios,31,1931,3,4019,25,27,35
e3bfccdb3b1aa514b81b661ac24a1a27,utilidades_domesticas,39,2506,6,2707,41,57,58
af0263bf017dc51b8b67b277c12f8cc4,automotivo,69,164,6,4503,66,46,25
ac4767ccb0bf5d6cf8a5ef80aafdecd8,relogios_presentes,56,2361,6,1822,61,48,50
fdb8cf9f5af1b4ecba1cee07ec457e6f,esporte_lazer,28,3468,2,4691,12,17,38
a959d6cdccefceab2d45b96758e5bef7,relogios_presentes,47,2785,3,116,53,33,32
ab5beb85d0f9ac3769bb2b6fc0ceaffa,eletrodomesticos,38,3573,6,987,12,14,7
2d2b7afaaf4bf7edffbd8647a58abdb2,relogios_presentes,55,2518,4,2999,66,50,28
ad203eaeb4faccf60964ed96ff8bfc37,perfumaria,49,2349,7,3831,32,53,26
8a38ddf3a1e7010bbaa16057dcc5b5ee,relogios_presentes,57,3912,6,626,24,48,11
2fbca44e3d9e5a141f1ae41563bcbd8b,beleza_saude,20,1106,4,729,20,23,37
affbd8db3aedf6d692d9cedcb04cec67,utilidades_domesticas,47,3212,7,261,58,14,24
72cf8e8a535aa28efccced33bdd328c0,bebes,37,2832,2,4483,36,49,57
