product_id,category,category_en,weight_g,volume_cm3,photos_qty
c18c71fc3e7dd0c2baf6c1acdf4e3e38,ferramentas_jardim,garden_tools,930,69597,5
bc6dd7cfadc9d0be5b2ceaeac3de61ea,moveis_decoracao,furniture_decor,4884,21105,7
bcddfb2caee4b2e6a0bce4bd0b1beab8,brinquedos,toys,4412,136458,7
4aae88dfacfefc5d58340beabddcdecb,ferramentas_jardim,garden_tools,1857,44226,4
eb2e036c6b942c9d11d409fbaadef25b,esporte_lazer,sports_leisure,4155,169400,3
fbc5faa1c8594d3fc53fcdcb71c75e5f,cama_mesa_banho,bed_bath_table,381,5440,3
0bf1dc4fe69a0d2dc4ecf36b0633c284,utilidades_domesticas,housewares,3313,41470,4
1ae95caa4a914eeb51b11020bd8630b7,bebes,baby,2678,38675,4
3d26ebcf69ef4e2ae942a8d8bd7de5d4,papelaria,stationery,3002,1760,5
aaa6d319aa3b5b2d103b77aaadcad61a,telefonia,telephony,2289,131560,7
7f2bda33412ebe2dc23d7dae3b4c7a85,beleza_saude,health_beauty,2160,47952,2
fbfd0c873b0eca9ecc45d9fceebbff73,automotivo,auto,3609,55566,2
b3693c5fc4bef60e7afeadaabbbd5f3e,bebes,baby,2122,180856,4
e1cfd35ec4bb7bb863fcfd2e2fc3cadb,perfumaria,perfumery,3146,13167,4
1b9fde2c5cccd9aec7ce3fc3ddd1dcb3,beleza_saude,health_beauty,4715,29580,7
d1c47fbfaaf7eaf8be27f5854b47b4ed,relogios_presentes,watches_gifts,2569,6624,7
5d91af3baec3358fe16fc206b39eae51,telefonia,telephony,4473,84624,3
e3afdaab29fb149dd4aaffe77cc8ec62,informatica_acessorios,computers_accessories,2427,78925,7
e6c67f33b708ffeeb9cafadcbd0dd3eb,beleza_saude,health_beauty,3300,9600,2
95efafb7be14a0235daba10aabf20b0c,telefonia,telephony,3470,50784,4
fc829dcf24bfb0ea55ed65cea47a8cb2,informatica_acessorios,computers_accessories,4029,85536,2
30328eaf1ed48af1f0a4f05f4c4f012e,informatica_acessorios,computers_accessories,2000,41184,2
8e04fa0ef97cbba4270e8bef1f90fc81,eletrodomesticos,appliances,1473,32340,1
a6e70785a3e5e2b25619de3ed8b5678e,esporte_lazer,sports_leisure,2915,112560,2
77451a30bc0cdd648dd0e679cc2dc82c,automotivo,auto,4207,118440,5
7ef4440a733c686deb1cd59ff34acbcf,papelaria,stationery,668,21712,6
c582161b380be5f43d0bd4cae777f43e,bebes,baby,2080,28620,7
c3ca6c52cee8e1b0ac7dcf1e7dfdac50,bebes,baby,161,13860,4
0cfff5b0c2f1656b30af4dbc50691fd4,bebes,baby,129,23088,3
b8ad2e6cc5a2a0057c852b8a0c8fcc1a,eletrodomesticos,appliances,4417,57834,2
d1ed18407c12d3c0e0ce827ff6fbca5a,papelaria,stationery,2889,16848,3
5e4fce373a4c6bfcdab819d95cccd86b,brinquedos,toys,1717,20400,7
8ac8cdb88afa8f266378cf32dcdd4607,eletrodomesticos,appliances,4804,6500,3
96a9bea3a7d9eac07c5ecdc2ebd4cfc9,ferramentas_jardim,garden_tools,1230,43365,7
f6d4e9be4a5d45a05cfbb77a9b993e3e,cama_mesa_banho,bed_bath_table,3125,30375,4
4bc45cbdb2fa1323da0eef87bfe7a5fe,moveis_decoracao,furniture_decor,1869,6650,3
aea3a7eaddbe6761fb01b75efdbf4ee0,automotivo,auto,3504,157320,2
fd986cc6e38e1e39131ecda62f47fd53,moveis_decoracao,furniture_decor,2183,9900,5
7dea4ffc10845f4e0f9afecfe33dda2b,bebes,baby,3722,44982,1
b76c4edb68db83e1480fbcca95aab80a,automotivo,auto,3739,3876,7
ae60e81d49e8c799985d2fe4836e17ab,informatica_acessorios,computers_accessories,136,38280,5
c0f16ce4cbf1a6a3dbcc5019bfd09af3,telefonia,telephony,2683,107640,3
c00ceebbca4acd0cb9b9cead81f65add,utilidades_domesticas,housewares,3743,57523,7
b4cacd6fc98d5aab202cbce4eb4e3a9f,relogios_presentes,watches_gifts,1348,102960,5
35b2b8a651a6edbe218d4a165ad5dffc,informatica_acessorios,computers_accessories,813,75684,6
792083ec815edc5abd7bff9aa5e8deda,utilidades_domesticas,housewares,4558,80514,3
e894cafedb8fafe85d9bd09ec22ffb47,cama_mesa_banho,bed_bath_table,4348,13860,7
1cc31ddeeb82c195e92b5aa96d1d5a3b,bebes,baby,3402,118800,3
45f47931bdbf3d6d38e8fbadbd6aae4b,automotivo,auto,3990,58344,2
9dfe76dadadb8acc7ee4e3a7883347b4,automotivo,auto,2579,62814,6
95879ec88b6378d4bcb7369ed2c80270,brinquedos,toys,210,20520,5
bdbcbf7db5dc8c7ea12b2a7fa47ae7cd,esporte_lazer,sports_leisure,2329,13200,2
05cde2e31eacf3bc4b00ed53b1ad9eb8,brinquedos,toys,109,88689,3
67adb4b8ce8cd4431f3dc0f8e6afbde0,bebes,baby,1259,45880,1
0dcc3fed089fafac0b69a5ca556edeba,relogios_presentes,watches_gifts,2670,9100,1
8bea0c7f7d0a3afadfccb4f9ac0ea1a0,moveis_decoracao,furniture_decor,1183,15510,4
bdf163af6ac8bc540901804dfd51beec,informatica_acessorios,computers_accessories,3282,12544,6
968ae8c91aaf0eeb87dabe7feccfcf3d,beleza_saude,health_beauty,3833,4368,4
a70cae3bef0f35d8bf7cbdcacf78f8e9,cama_mesa_banho,bed_bath_table,3344,89320,4
a04bc026ef2d85fb236b17d1a1cf9ea7,perfumaria,perfumery,3303,18928,6
ce7a6810ab70afafddab4ebebfc2ea3c,automotivo,auto,3673,122720,2
2e3deee7df0eb7b686aec7cff80deba9,moveis_decoracao,furniture_decor,4782,89424,1
8d20cedd82ebb5afb1da2d6a4b9c2f7d,informatica_acessorios,computers_accessories,972,28116,6
8d501491e7d378c0aa9e0f45ab5b7df4,telefonia,telephony,735,38640,5
ee9fc9afaf6dc66f39e973bb8cf1529d,papelaria,stationery,341,56511,6
34caf752ea017f76c0eded29ab27ea06,brinquedos,toys,4158,38080,3
52fce604dd5aaa8d915d821ef34da672,utilidades_domesticas,housewares,125,88800,3
d3be647b7dced36a6f0c2dafae98fb87,esporte_lazer,sports_leisure,3280,32760,4
d4b57f0e3ac3cbf89e80c10dbcc2626b,cama_mesa_banho,bed_bath_table,170,12540,2
12a0fe7be19bad053f193ba03dd4975d,automotivo,auto,1037,11264,1
11d92ebaa1a6ba8f36f4abff8bbaaceb,automotivo,auto,3455,9234,5
0ef832bcfcbde0314ad7dce2ec46b09b,papelaria,stationery,1573,69312,5
9b95c57eee8cdbb769aaf1522f9eda4d,informatica_acessorios,computers_accessories,686,12075,3
59ffb024bbac0af62ba42eeeb84372e9,esporte_lazer,sports_leisure,3325,11088,2
c561edb403cf28b6f59f645f3f34e5e5,bebes,baby,1435,39600,3
4f8f16d58d01bfd0cadb9bafaaecbe26,beleza_saude,health_beauty,4282,19065,7
5b2f25d1ac0e9c6cacb2e2f936afb6fc,eletrodomesticos,appliances,3475,19980,4
ea29ecfc5e5fcafceca57e18baefbbe7,bebes,baby,284,76228,1
45e61e809fce1e2c41f74dcf3f8b83b3,esporte_lazer,sports_leisure,723,11610,3
ed1532af8eafff3e8d4bfd050305dcb1,beleza_saude,health_beauty,4095,112832,5
b1de8eadb5d76308a3c2ff0570eadc15,esporte_lazer,sports_leisure,3080,52311,3
c911ea36c9fce57a3fabcf9be8d0dbbc,esporte_lazer,sports_leisure,3703,22842,2
6ea4c3bfbbdfebbc07d3cadafb00fddc,telefonia,telephony,256,38400,2
caef9e21de4d2a3ba5f95cd8e18ba8de,bebes,baby,1041,2460,3
f7a5c46a9a87ac0a59aeb8e083d2cd96,automotivo,auto,2499,9750,5
94b47eaabb99b0da7ba01bf068756c0b,bebes,baby,1234,9520,2
ddc3e45c1f663acfb50d9ddae85bfff0,automotivo,auto,1129,30682,4
fe4f3b22725f4eb1b2fec6ecdaa08594,relogios_presentes,watches_gifts,2953,4788,3
ce0dd2916ba0fbd4d99fdfdf2775a336,utilidades_domesticas,housewares,1815,69960,2
dfac3fceadcbcabc9e1b4dfb598a8fca,ferramentas_jardim,garden_tools,542,7800,6
1bc54efaa7edef91d30bef42dc064ad0,moveis_decoracao,furniture_decor,1055,4000,3
a21de1b9e495e7931f226f4d45e72bd5,telefonia,telephony,2357,42240,1
5fdedbeca245f5b860c1a6eb1dee36df,cama_mesa_banho,bed_bath_table,3778,52896,3
9660dfe7a6c83f67dfead2f06db81008,ferramentas_jardim,garden_tools,3409,4235,7
d810a028ce9e1c4878c3e9a9dffaeaf3,automotivo,auto,1194,13838,1
d43c14a2ec4a0b20d4b2dcf8cbab4236,ferramentas_jardim,garden_tools,4803,11340,4
4facf04a50583f4b58bdf53f021efc5f,eletrodomesticos,appliances,1742,27648,6
83f5ba8e2346fc5162993aac8acbeefe,perfumaria,perfumery,3666,32144,1
bdacb532dc71e6b6d7af50becaccbced,moveis_decoracao,furniture_decor,2879,70821,7
179c6efb8ab7237d1adeaffde6e30b2b,relogios_presentes,watches_gifts,115,104448,6
8bbdeff55e81ddf03def5f2d1d9f9ae4,utilidades_domesticas,housewares,2128,50688,4
af3276fbbb67a75ecc4bfbbbface2458,bebes,baby,4404,7904,1
1c5a8661c4d813ecbea8dc30ad3218f7,perfumaria,perfumery,2023,20625,2
df0f0eced23ecd3ddddfbb0e968ebdff,informatica_acessorios,computers_accessories,4088,14924,1
013538d3c73fb3b18f7fa5540f56b8fc,eletrodomesticos,appliances,2165,44880,6
abacfb734e82d1bf51f43bdafe444fce,perfumaria,perfumery,3154,8550,4
0a5bce87bf2decedb12a09c7c7211895,cama_mesa_banho,bed_bath_table,3428,18216,4
8f0bf9cb144ec0e6e1802d0b4edbe5ee,relogios_presentes,watches_gifts,2580,25584,2
f6279bdf2aafa8c8200ee7c965a6fec0,utilidades_domesticas,housewares,1262,29970,1
7fdbec8da1e7d0af7b9fcbec2dfdda9d,moveis_decoracao,furniture_decor,754,36828,7
f401adf981cb0bf1f7ebae0898bbc28e,automotivo,auto,3118,17220,2
e7af782df3bccd01beb9be1b54302d22,automotivo,auto,4034,62764,6
933fa5a639bdbabdcaa1190bdaefacfb,moveis_decoracao,furniture_decor,3747,43750,4
b3f6fce4b85728c3fd0722d358908dc6,papelaria,stationery,2970,14352,4
cf37d16ba48d60c3cfc12aaa4a5adead,cama_mesa_banho,bed_bath_table,970,68400,2
c346fca94d9ddf98ffeedfc31dcf9f9c,cama_mesa_banho,bed_bath_table,2029,35840,2
b0d3dbdab0b919f4edf0ceeebebc2d3a,telefonia,telephony,3963,86240,1
fec3bd22c903438fa26d4c4d5af2ddc1,bebes,baby,1979,70152,6
cfa69cbdd3b4aecf1c31add2eb51d211,telefonia,telephony,4749,24684,5
dd122931a4755fd4b4088bd29a3ff237,telefonia,telephony,1150,155520,6
bda288800884eb6d4efbbdaf80a2ab33,automotivo,auto,2060,115920,1
0dfafad084d8e5a7aa78e8cee3aed016,eletrodomesticos,appliances,2972,21868,7
83a3590a4f2fe6dbe7fdeff8cbcd0cb2,esporte_lazer,sports_leisure,975,17100,4
69ab5f27d8fc86cec7bfb12b7a8cbf87,automotivo,auto,2788,20736,4
ea5d1be275f3ba3386cbc6d29abe43df,ferramentas_jardim,garden_tools,499,39200,3
001cd565c79a7f81d99a6d75f9aba166,brinquedos,toys,2906,4872,2
05fcbda96a1a8a806e7a38aff0dc8dbf,eletrodomesticos,appliances,822,61272,3
d9ed40d8f8ad9b6d7eab36b6d4bbfece,beleza_saude,health_beauty,3448,41514,5
bbbd93a136fdabf0d02adfe4dcb799bf,brinquedos,toys,4884,11310,2
eb994babbe2da8bff528bcfb24ebf6cf,telefonia,telephony,3690,46410,1
caf74befbbe0c4dfbab51df5f09de42d,informatica_acessorios,computers_accessories,4422,33060,3
1cbcbcb48beeb75c3e7db5d51e1d3e2e,utilidades_domesticas,housewares,2847,29952,2
1ec0ebae45b33e9e1bd13515c4c670aa,perfumaria,perfumery,3020,2816,3
3eaffabb77c0ba43bd7b8eced9e41dc4,relogios_presentes,watches_gifts,4215,30780,1
d83feceb3af114dca3a85f12e223f56a,relogios_presentes,watches_gifts,2792,22260,6
bbbd14ee9d7cbb5adaa4bac50eb3d6a7,moveis_decoracao,furniture_decor,1996,11319,6
842468b2e3efeff2dbb0fca81e042323,cama_mesa_banho,bed_bath_table,3483,16744,1
4b64ddf2d8b6787ee8ed0426dd416e60,papelaria,stationery,1458,143325,6
81751afb4ee374f4c5d55bb129ff6422,cama_mesa_banho,bed_bath_table,2548,35776,2
f2bfc7dccead90abef7ea3ccbadc8ffe,utilidades_domesticas,housewares,4159,13056,5
ecc1d66b12c7b93fddd00c6bfba7a034,ferramentas_jardim,garden_tools,3561,43424,1
9ccfb0774a11e8554cfd97a90adced3b,cama_mesa_banho,bed_bath_table,2667,11664,3
14dbb659400fbeda1fa3e7159a6e0c63,bebes,baby,1665,8820,7
a79bc98af1c5a8daaf1fcccbf8f20fbc,eletrodomesticos,appliances,963,63296,7
ef3877a68bcdfa2fec129bbbbf67fa99,relogios_presentes,watches_gifts,1270,17739,6
de00e8fbef3da4a3bfdfe74fdf47985b,relogios_presentes,watches_gifts,3549,33150,4
cf0deae7f11668a74dfb4d68b69e14be,perfumaria,perfumery,3141,80352,2
ef1beb54cb9fee008b2ecef11ca4acca,utilidades_domesticas,housewares,3553,44744,2
29eb4ccefca0844f2af7bab10eeca6d7,telefonia,telephony,3762,47601,7
fdbd4df9653a0faafcc89afdcdc9ebbb,perfumaria,perfumery,460,41412,1
8fd3cd0a7bedd72ce371dd1623dae5fe,automotivo,auto,3768,171000,2
acde3cef1fa21f40ecae89fdb37ff7ce,eletrodomesticos,appliances,4376,52000,3
f02652a4ecddfe03cfabbbebe70a6bf1,beleza_saude,health_beauty,4811,77910,4
cd0e2db76c2feb5bb8e4c8a4eef0aaa0,beleza_saude,health_beauty,4324,11803,2
caae13dcf1bef42c044d66fdfaef8a92,brinquedos,toys,777,4389,5
4ef3d64dbd9289c4b6ff453f09e9728b,brinquedos,toys,4381,89440,6
76e3e59b7aa20ff9ac7d0110a779cc31,relogios_presentes,watches_gifts,3644,31117,7
bca1ff5946dc867cd8fe79cf1d7ab711,brinquedos,toys,128,32085,3
ffdd3ea1fe8a6967bc6ebc9dc9ea64da,beleza_saude,health_beauty,2426,24000,5
cfcdadcfc1cfefddabfecac0d4ababd8,relogios_presentes,watches_gifts,2875,15600,5
bb73dd42cf9c135ecaaf8e9ca4c2302e,moveis_decoracao,furniture_decor,1938,38657,7
e7d0cd4ecbf71e19c12f7ef287f0e7fa,beleza_saude,health_beauty,846,37632,3
0c5e5ff08cbfabb0e37f623b607f45c8,brinquedos,toys,4573,66402,6
8caaac15dd07a9ce0d2cdc9a006ede6b,automotivo,auto,4825,27336,3
b2be5d0b1f8b9bf77fb7cbe29b796d2f,ferramentas_jardim,garden_tools,483,1350,6
8decd14aee722bbbedeb54ba4eba53b0,ferramentas_jardim,garden_tools,1533,84694,6
dacc2fcfb260cd62d48be6dd80cf1fb8,bebes,baby,3229,121600,3
aa9aabedc6ee5c308f5e3a8ba8ce4ad2,informatica_acessorios,computers_accessories,2562,90828,6
5c2bcfaa5cd3903ba2a8ddb6cca9ae85,bebes,baby,1994,61215,1
5d82fcc4c97e61e136ffebfb11eb8e75,esporte_lazer,sports_leisure,3957,6860,1
3f7babfac3e6ef2dabd1b3a3dcf0ac35,informatica_acessorios,computers_accessories,4196,9000,1
7aaada4ba5bc651ada5e7f34c5593ca7,papelaria,stationery,3662,15336,5
ad6bb4ed42d4bcae3badb78a39c3bb9d,cama_mesa_banho,bed_bath_table,245,13440,4
aedee1dffea65a9fff299375b0feba0c,esporte_lazer,sports_leisure,4364,107328,1
fcd9fb392d1ebcd32f7adfa75bdef9b4,telefonia,telephony,2298,26082,5
bff5ccd35b18ec4da6bdcbc877ada311,esporte_lazer,sports_leisure,1162,51714,3
4d13e6fa10fdb088a9c1f64c6d926b94,cama_mesa_banho,bed_bath_table,2020,121264,1
681cbaed53a88f93990c2e1bb08c5aa0,papelaria,stationery,1380,162108,3
ccbac1da6ba6ed38e4f0cca7cbedf3cd,papelaria,stationery,3641,12672,6
a6b9d8d6c89fe5abb65048af9fde1634,telefonia,telephony,4652,3861,6
dfadbf33dbf8b483bf5eb65cd8e385ac,perfumaria,perfumery,4596,10920,4
e382addf210ec12017a83dfd8b8cf2d8,telefonia,telephony,552,56700,4
ee8ef0baaeefeda997bfe0a8afaa641f,beleza_saude,health_beauty,1866,11340,7
ef3575c349ddbafde5aae6ed78d8aa5f,perfumaria,perfumery,3566,57190,1
4eea4673aeb4a9671ced8de7c614c722,informatica_acessorios,computers_accessories,421,7353,1
0ce9cca2ced97a500c0c50abc711dbe3,utilidades_domesticas,housewares,3341,10323,7
eef1d9038db12cae1bbf586cc9d793af,moveis_decoracao,furniture_decor,4606,44160,1
993cc4909eeeb585b60e139e56ce2fb5,eletrodomesticos,appliances,2658,50976,7
4c7adfffedd4ddd9ccba3dcbeb6bb67e,brinquedos,toys,4190,134680,4
35eee236cfbce30bb08dc8aee56d7724,brinquedos,toys,985,21450,4
925cbc15ec5145a7b92fa14bab45dcec,eletrodomesticos,appliances,1857,53724,2
2ad741ee0ae4d1f2e727dcd97cfcfdfc,utilidades_domesticas,housewares,3277,4400,3
825345b01a0e48afe21ce5c505cc0c3a,perfumaria,perfumery,3416,37260,1
8dba1bfc1ecfa0832a6d703faeffc56b,telefonia,telephony,2220,16008,6
02bfa8bbf6d551b4e0ab8024812cafd8,bebes,baby,2386,61200,6
3edfc982e96f6c5cb2f8b7dfb098b0be,informatica_acessorios,computers_accessories,4427,550,2
6caf1ba57e3efebbadc4af6940dbecd6,ferramentas_jardim,garden_tools,4117,16335,5
a46fc19eacd0a23ac94c7e5f8d9463da,automotivo,auto,269,14664,5
a62e52cfaad5feea8966d62bce2fd5fb,automotivo,auto,1190,123950,1
fc3dae83d37f594e5def26fcfcefb15b,esporte_lazer,sports_leisure,1078,52896,3
d0c367b1a732cacc28bfe47ba1dfacfb,automotivo,auto,2648,12369,7
5aec3c5676b01f2328f3cebfb7ade9e1,beleza_saude,health_beauty,4706,22448,6
db78e8fe92b9e529bafb0b9cb9014ecb,eletrodomesticos,appliances,4074,76650,3
be5f1ad3fd510eb3af1f4c244e5e744f,bebes,baby,3715,65472,3
e088daeeb9ecd24af9ef3591ca3e1dd0,esporte_lazer,sports_leisure,4243,3120,3
289eeff6b105866b0c4e1bd82dd38cdf,automotivo,auto,4099,99636,5
2dfb7fec3ebfef63e03abbb2fa022385,bebes,baby,4373,22464,6
0eca0cf1c8d74edff7d268c17d8debc9,brinquedos,toys,3503,25536,7
fdec8b5243f5e2de6d33af8c2ca96a4d,papelaria,stationery,3282,840,2
19b7a6711143ccfa2ac17c8eaab0772c,perfumaria,perfumery,694,1836,3
b4a469f4b179284cdc9d805ac54ab0ba,esporte_lazer,sports_leisure,2530,118404,1
539de9feefbe3e0d6931add88d35eea4,informatica_acessorios,computers_accessories,3066,13440,2
ff5a821b5a9cd37e3a6dddeafacdade5,telefonia,telephony,3411,19824,1
deabb9cfcd8633ea2f0892dfdab31d9e,papelaria,stationery,1428,8200,2
65d6a7da1dbabff79132cd80bbcbfb4e,beleza_saude,health_beauty,1793,36288,1
bf37fe19df069b8e1af4d9f26e3fde1f,esporte_lazer,sports_leisure,3677,16170,7
8a4d73a4fa9aacce2ff3edacea8b9134,beleza_saude,health_beauty,626,8160,2
5fb8da1f0acea0395fcb3f0c502cefd1,esporte_lazer,sports_leisure,4368,14700,3
e0f4e947ac0a218d9eebd67429e368b0,utilidades_domesticas,housewares,2507,34944,3
f1a8ada487fa9c7c43dca569116e9841,telefonia,telephony,4540,19404,1
d9fc25a3094bff637a50cbc5a7fdaa5f,eletrodomesticos,appliances,3417,4446,3
c1889380491168d132a965ed3d2a2d4b,papelaria,stationery,4817,26939,7
c5bdededbdcdddcb684aa8de63d275ae,esporte_lazer,sports_leisure,3889,5742,5
8ed2f1c6e3abcbcf8eace9be69d4ac4f,moveis_decoracao,furniture_decor,3104,100890,1
de36fcdebbced7bbbecb7ecdec7efa06,papelaria,stationery,4926,92966,1
4e1b8af1a88cffe618e87bed11783a63,cama_mesa_banho,bed_bath_table,2433,63840,6
2f7ddf63266d5ebad8ba1b47d9d3fe07,papelaria,stationery,2648,44118,7
fedba9e0b3cda5d7fc0eb8eb29e89dd4,telefonia,telephony,2035,17640,2
c8deffdcdedadc84e222cb06cb8bd204,informatica_acessorios,computers_accessories,2545,18564,6
1a907f6d36f305c0cb7adb1e7adc4843,cama_mesa_banho,bed_bath_table,1604,1224,4
98bbf3bc959b0146f95a99a2aeacaea2,automotivo,auto,3166,36450,7
cefbaa0bafef8edaf94fe431250c4edf,brinquedos,toys,148,89300,6
4cbc664d1ef0fed887dbb1fb1d6a6ef1,ferramentas_jardim,garden_tools,635,4080,4
fd31fef0c1bd16dfabeec90ab4db0ae8,ferramentas_jardim,garden_tools,4827,18960,7
af3f4c9ba280be537ebf168f5cbdc0e7,ferramentas_jardim,garden_tools,4890,14697,1
e0ebca1f9d61cc2b8284b6bd39f674a0,automotivo,auto,1962,37700,5
f5cb6ee1e2faea50f11b02fbae9b4f2f,utilidades_domesticas,housewares,3897,58045,1
d7bce33dbd01fc0bfe473a2c9be06b04,bebes,baby,3241,115440,1
bbd39f0f6ed6af4299222d4fda16b468,brinquedos,toys,668,13041,6
1fbb28a175834d0ba5fd4ba2880fd1ce,beleza_saude,health_beauty,640,151905,5
8edabf9eade5b7c973acbb1e7e5077fc,cama_mesa_banho,bed_bath_table,2518,13524,7
a0c07ddbfca1b4fabad12f36efbcad5b,ferramentas_jardim,garden_tools,1024,47430,3
a3f172dc40cf2a105b219c68ccc15903,brinquedos,toys,3157,17850,3
40f1e74a7e68febceb9cfb65db898fde,ferramentas_jardim,garden_tools,2955,149742,3
c7efeb1fe7fc31ed2e1c9577745a2cbf,utilidades_domesticas,housewares,1125,19040,2
5f9d8e59bd5d1ec3b78e3af0d5dcea8c,informatica_acessorios,computers_accessories,3064,63720,3
a7a54ab2e046f90b6ffea80ca76c02ed,informatica_acessorios,computers_accessories,3557,33150,6
8ed79edac682c2bcb792bfc51a2e1167,perfumaria,perfumery,1158,96390,6
1531a593db6b327678d6b0e0fe14928e,esporte_lazer,sports_leisure,4375,9504,3
d6f09b0d23bfbe1dcb27aebb3305c0e8,papelaria,stationery,601,86602,7
02e38c59c8b69e3aba45ada06596ec0f,eletrodomesticos,appliances,4294,4158,5
c60d40143cfc48f298ca3696bbf0c2bc,cama_mesa_banho,bed_bath_table,2834,76228,7
dc636aca144d255ecc1b3aa370567bd0,ferramentas_jardim,garden_tools,969,10695,1
fe595ceaef7dbaedb44ac0ebee56fd30,ferramentas_jardim,garden_tools,442,75411,7
1a71e33df9ddff19c7cfca14b8ffc852,cama_mesa_banho,bed_bath_table,2085,43316,7
ad491211aeaefccecc92a6bb8e73a7a7,relogios_presentes,watches_gifts,1172,18564,1
69f7fff73d4a1daf9b7aa08604c1dcf6,telefonia,telephony,4676,24320,6
8e01a54fc72bc8a790db46ad52110b9a,papelaria,stationery,4358,6300,6
fcecb3d35a7adc0ebcc1afbe910e0ab4,bebes,baby,165,65280,4
cc7aefa53cf32a3a4ab9db939fb9f27f,esporte_lazer,sports_leisure,2841,72600,7
2cba9ccb6b2caddea4adbd5fb73b69eb,automotivo,auto,2845,16830,5
1cc64bdb91ec08e96748c2f5d0faf0ef,cama_mesa_banho,bed_bath_table,1167,111300,2
64ddef90eebff97dbe48ccd1a5a6ac86,brinquedos,toys,3905,1980,7
2dc25f7cac1815f58abf4eebc2a5ea66,esporte_lazer,sports_leisure,2228,18354,2
f8569c2c51fb7aae95c7c9f2b2afa7cb,brinquedos,toys,2697,79002,6
faceb3ea99a53cb95e6ba05bf11ac67d,informatica_acessorios,computers_accessories,4387,14196,1
53b2d18f301516ae2acea1ddee8e4c05,relogios_presentes,watches_gifts,1954,10450,7
0c5bdd976f00fcef11acffe03b1fd4bc,eletrodomesticos,appliances,2158,66885,6
83e359bec4dd6e7841a62f8a54deaa98,moveis_decoracao,furniture_decor,1629,7854,5
3294ec7676f08da337bfebfc099aad55,perfumaria,perfumery,1825,41184,6
3b5aad7b21cf9a1551201f9abfe23aee,cama_mesa_banho,bed_bath_table,2058,89900,1
cac58edcaa67bcf7495d5f01be567d56,bebes,baby,413,57344,1
051c8f18df1a0096dc1213ac4c7b0daa,brinquedos,toys,3661,15288,5
a1f20434cba288b71b4f1fcdfa9bcf94,automotivo,auto,416,75240,7
586f35d6fe9a9d17debaaf0373c8fcff,papelaria,stationery,1468,3480,6
aed8aecf505bbfa3fe343b85e9c4b610,brinquedos,toys,249,7182,4
7d8b99daaee27ff2dde8b1f2dac3fc27,perfumaria,perfumery,4101,24675,3
e35b5fbb7c75af94dfcc6ddf1f777667,beleza_saude,health_beauty,4895,6450,7
7a3c0a359bbeb7dda0b7addc86aca94e,bebes,baby,2910,39200,4
2eaf2fdf0009886d8c56dd26a0108171,eletrodomesticos,appliances,815,5544,2
fd63bdfe1afa748afe2b7b7d7eb8a60d,utilidades_domesticas,housewares,2152,73920,3
b3d7b0de7adcad53df9cb4369ce136aa,cama_mesa_banho,bed_bath_table,3766,126776,4
d9e3ef8ce3d72e8c6f5e82a030c8eeed,telefonia,telephony,1274,9360,2
bc1c15f2a2ae1a8d7f9d54dadbcda5bc,esporte_lazer,sports_leisure,1332,8448,6
92593395aa0921eefefaf46df0bfd3e3,eletrodomesticos,appliances,3380,64872,2
ec9d4ffb7d8ff16bab679bd6eb684acc,cama_mesa_banho,bed_bath_table,4782,34440,6
c4a60b75faa306caf484c1b520eacefd,esporte_lazer,sports_leisure,2673,77550,4
d5d16c88abb4db3ad2a32eaa6c94c150,ferramentas_jardim,garden_tools,3806,21296,5
bbacab296e0d4ed9ffc4cc9dfbc9be60,brinquedos,toys,3265,55384,7
5d64bb1eefe22d3adf7c9e179d1ef2cd,utilidades_domesticas,housewares,3094,128128,2
457deccddec7a917c9323dcf2dcd72d7,utilidades_domesticas,housewares,2068,72000,6
2a5f79fccaf63dabddbcb1afc83a31c1,utilidades_domesticas,housewares,421,2418,7
ad5e5de41d1cdb11cb82acff4e6f3bdf,beleza_saude,health_beauty,1096,62814,3
ba2e2aa7143da5fb515990d2d48f0878,esporte_lazer,sports_leisure,1289,30240,1
f165ca2a4d2cfb9ba09cadfebd06feb5,eletrodomesticos,appliances,2532,44160,2
aec602dc573631ad6eaeb539cfbbf33d,perfumaria,perfumery,4682,33600,4
fef6f71d5baf8eede36b16deba6f75cb,eletrodomesticos,appliances,3796,33495,4
342e5a88c4b8cd13f21bfdcf1dad6713,utilidades_domesticas,housewares,976,107844,4
ddf3ded415faa1fdca7b8b39ae683265,brinquedos,toys,3583,8880,4
c80051803b14c173fdcb181e86fd4c46,moveis_decoracao,furniture_decor,1348,16200,4
8bdfa0e355bc7ab85c52f49a8a6ff708,ferramentas_jardim,garden_tools,1327,76440,3
e05fa0c878cdf65fa0cc0a9acf8d7c7c,cama_mesa_banho,bed_bath_table,426,11248,4
9a8a4045eda1c7cff454fdabab950e4e,perfumaria,perfumery,2975,54288,6
a9ceca7371cc7faafa59fa2fb266ce15,utilidades_domesticas,housewares,640,5655,1
b35601fab11cf59f862eb36f45b4daed,papelaria,stationery,1254,63200,2
cafdef7eec31eab3e8c3beddaca416a1,utilidades_domesticas,housewares,3008,36900,4
5bb5667bfa818bfe0ba3d8ccfea6cb7d,beleza_saude,health_beauty,194,32175,2
0eefd7b82dba755ddc8796edf5ba26fa,bebes,baby,3629,117024,7
95cf342bb8559cb52bbd6f5b98cf0bdb,informatica_acessorios,computers_accessories,3624,154280,7
bbf4d6ae20ff3bb693aecbefa922a5b2,bebes,baby,697,94392,7
abd8c6d7df7ad20f343e13cd386113f3,cama_mesa_banho,bed_bath_table,3251,5940,7
020131bc6feca46cb1ec052b6a07cbb3,beleza_saude,health_beauty,3052,59052,7
30297cc8afaf72cac484bf5ae06540df,ferramentas_jardim,garden_tools,2992,6552,3
5c2cb5208805ee94aae3fafbc4bbdd5e,cama_mesa_banho,bed_bath_table,3093,46342,1
64d106bffb49b6dbfcadd4a4737a965a,automotivo,auto,3485,88800,4
fc21184ea6dda975152c35ea0df3607e,eletrodomesticos,appliances,4661,101400,2
8fbfaacdebc766e347c6bbf686ccf072,papelaria,stationery,1012,16632,5
72bab55f4a24dea4e290ff91b1b4fd7c,ferramentas_jardim,garden_tools,1268,8640,5
d256045a1a79d15ef7da5ed0fb4c1d0f,telefonia,telephony,961,128800,4
fa795c81ba5cd90688d53e9f503e55d8,telefonia,telephony,1649,20460,3
8a96c8f81af5d3c08f403dc9ad1adfbe,informatica_acessorios,computers_accessories,3174,20286,6
cafc703cea5bf3e3f4422fda88bcf5a9,eletrodomesticos,appliances,4657,16000,1
beeffd5efeec7fa4fc6a6f979f8efd4a,informatica_acessorios,computers_accessories,4097,8398,4
cf75bdfafcf326a0ed197865a5cabedc,beleza_saude,health_beauty,2539,51744,5
1bc2ea55bef0d71e9aabb95ccb0ad86e,informatica_acessorios,computers_accessories,1838,45864,6
11b1aff7b47d6eea3bb8fa550a472cda,beleza_saude,health_beauty,1134,13216,5
a74ba92f2bcdf83125c6fcd7d6aabedc,telefonia,telephony,2266,8712,2
825df9aa0d3fb1ea3e68ca06da7b6e7f,bebes,baby,1532,132354,2
f7c9ec9379feebff1334ac3ddb0fd04e,automotivo,auto,823,76230,4
daa2a05fcb65a32333dceb60614e35ce,esporte_lazer,sports_leisure,244,8840,5
9d781ff570177e2a8f102d9bd0d96cbb,cama_mesa_banho,bed_bath_table,1880,16240,5
f7facb0ad60bfbf55f6d29de4e4510cc,beleza_saude,health_beauty,3157,10944,5
cac941ad3ad47b268fe866c258eeccaf,esporte_lazer,sports_leisure,3164,158120,4
a2cb6a4c6edc5ddae6ef1ffe40fdd15f,utilidades_domesticas,housewares,3398,13068,2
e2c62f2deeb1efe3b41afc7b13ef1240,eletrodomesticos,appliances,690,11440,5
62e795b6089dc87ba7cbfd4da6f8241f,automotivo,auto,3748,4095,6
ab4354d08c3dbe8d536f5c6a92df5ee3,beleza_saude,health_beauty,3443,17138,2
85faabe42565effd4c880c120c9adf6b,perfumaria,perfumery,1189,13566,5
5f921f3b3956df4db8d342b26efe0fd8,brinquedos,toys,4067,8415,7
bbad6453d1b10beef5bbada9dbd302ad,esporte_lazer,sports_leisure,4468,45312,4
3df60446afc0cc95b078baced6286299,moveis_decoracao,furniture_decor,577,19635,4
ec2d49e72630738fbeeab9b0befb2a99,perfumaria,perfumery,1128,10234,4
dfaeccadcde0d8096d2a445c1d55cb61,bebes,baby,3662,22848,5
129d5969c470ef94ccdefdecabdfd529,eletrodomesticos,appliances,1236,87464,2
c61b1bd1b2b2b9603b2ca8d9e37b1fb4,beleza_saude,health_beauty,4724,16640,4
9c0e2b7bbf04e4b0352bda1eaafaeaeb,automotivo,auto,1084,78400,7
a1ea0fea8a9af1c2e0acbcccb9491c9b,bebes,baby,3202,13260,7
0bb8ffc9b6c635c7babdcae637e36ff1,moveis_decoracao,furniture_decor,788,3440,4
bb6be83ffe7e2ae0faf3dbb2e83ebabc,telefonia,telephony,3649,7560,7
d15b3cc9982ddaebbdc9cb70cfe98dcd,bebes,baby,4453,136896,7
c804dedca66bc2b442d1b7af4ffba7e2,cama_mesa_banho,bed_bath_table,1201,5016,7
4b4831dffc24e853d6da3e3bfe3fc913,papelaria,stationery,4911,173420,5
2feebcabb2f2daf07eedde8e5c514b5b,eletrodomesticos,appliances,1676,29040,6
c80880f5c3dce50bba61e3e06df2eced,beleza_saude,health_beauty,3383,97812,4
a2ad2c8d62c1aa4e1eaaad9097ffd2af,moveis_decoracao,furniture_decor,3648,15158,6
18e32caa4de0eaab048ee7c82c7ac2f9,esporte_lazer,sports_leisure,4488,105280,1
788afeec3b28dfc06fbbfbfab3f388a8,brinquedos,toys,2553,3328,1
4a0ffda0d42da3efd1ff8a3ae5e725f1,cama_mesa_banho,bed_bath_table,4458,18018,6
af0b18d20c5e3ba0aa7fee2a6d64a74c,telefonia,telephony,4298,18000,1
a63af3ec64a1eaa3d6c749adcd8afabd,bebes,baby,3566,66300,1
fae4026b53c4de6edda3037ebdbff1ce,brinquedos,toys,3821,26163,3
befdc2dda7bdb3edf81a0abfd38f841e,eletrodomesticos,appliances,4299,67222,1
dfd849ac47a822cee2f2022a4a27989d,relogios_presentes,watches_gifts,4626,120120,3
9b18ee5d3eb00d9f4327ae95dd56bfad,moveis_decoracao,furniture_decor,2561,88060,7
46f8ccd35221079c5abfd1df0227d895,relogios_presentes,watches_gifts,635,13986,4
62c6a8338d5eedfb73baf9a5ab84197c,esporte_lazer,sports_leisure,675,46512,3
e46e0c8b645a6eaa7245e22b140d5ddc,eletrodomesticos,appliances,4793,55480,7
eb7ec0bbeba9fbcee83bae77aef5b2fc,informatica_acessorios,computers_accessories,2406,157872,1
cc9ee597dcae736dd9c10eaa19d3a302,relogios_presentes,watches_gifts,845,2842,1
b61ee5ac3b7c40c1ebba8ede30c7cf39,automotivo,auto,3403,26460,6
c1a6310feb0a3cc1fc40bbba65be6148,moveis_decoracao,furniture_decor,2378,6048,6
2a2c7bfdf6db02e83ce7d6aab7f27f72,telefonia,telephony,1811,5852,2
eaf42dafe039eba8dfc3638fbbc6517a,perfumaria,perfumery,1470,20790,1
18a93b9bfcd3b1034225aec63a5effb2,eletrodomesticos,appliances,2980,152736,6
ff5b4ee418b97a26d656d6e26cce3dca,cama_mesa_banho,bed_bath_table,4084,9720,5
bcdfa1c9b53cae9f7cb553ee65decf4d,beleza_saude,health_beauty,3422,12400,6
da8bab4e39d30c4ee41fca6731fe7235,ferramentas_jardim,garden_tools,522,23868,5
1d03bcfcda8c71daff0ec27d8b6bfafe,cama_mesa_banho,bed_bath_table,4254,14694,6
ac3466d7ef9bd7ad8bed0f6a5ddee89a,papelaria,stationery,3068,28616,3
6a709c719d2ee8bba7a9fbac9d08fede,ferramentas_jardim,garden_tools,1830,131040,2
33cf4c91b1edebb90fed384324fed469,papelaria,stationery,1946,99710,2
d5b0abf7f0adbbf6ae2e8e93d9a7acc7,moveis_decoracao,furniture_decor,3220,12240,1
914cdd04bcc075aa81281aead2c47c90,brinquedos,toys,3148,23780,3
6c3cbdafcfba0bff40a9cec6084ffebe,perfumaria,perfumery,717,118000,3
62ddbdae13deeaf9f6eda4f7ccdcf447,perfumaria,perfumery,3984,62894,1
bb07744356cfd2dcaf9f063925eb5a6e,cama_mesa_banho,bed_bath_table,3131,19494,6
245eeee997e8ada174d2efd4ab0bbaac,beleza_saude,health_beauty,1672,21384,3
708c7dacab5cdb892f5c5f23617b7bf7,automotivo,auto,4898,14322,4
8667cc94cd3c1a56eb57f956bef6f8cb,beleza_saude,health_beauty,1298,76320,6
77a8b6c1ec9d8822c34feedbf8cfc4ea,cama_mesa_banho,bed_bath_table,4661,48720,6
6d7ba98ecb7a3f36265d4397c25a15fc,perfumaria,perfumery,1325,80080,7
e300c7620e359ac380247bdebed1e123,cama_mesa_banho,bed_bath_table,4366,58320,1
b0fd8dbd7daf2e41e9c2c8fdacb6d0ac,relogios_presentes,watches_gifts,2768,28905,3
b4d0e4b95bca736939b6cfcde4a19dd2,moveis_decoracao,furniture_decor,1289,120400,1
0adbc4c6c7caa240e0909cdf26c5b30d,perfumaria,perfumery,987,51150,3
ff2affec5b06cd7ff8add7beccc2fb31,beleza_saude,health_beauty,674,12880,2
e81f5cc6f7eef69207ccdb44fd710fed,bebes,baby,1940,24864,5
ec743a941ff40f3fde4dc3d5213dfed7,utilidades_domesticas,housewares,4183,2160,2
3e5c59bfc4a77a610b4ad88f6bcde8aa,ferramentas_jardim,garden_tools,1038,44688,4
9fa9de589e06cc574da02ce2db2fb1fb,brinquedos,toys,4723,5292,3
462bdaec9ddbba74c5bb3abf08923d6c,brinquedos,toys,3076,7392,4
eca96fcc6ee280907ca2e2af6faa0c74,esporte_lazer,sports_leisure,1062,94080,2
d8d2afcce53cea25efe38c9e8c655e42,perfumaria,perfumery,2259,72192,1
dfe51aedb6983a1ed8610139ac5bb3de,beleza_saude,health_beauty,3407,17280,3
30d4ffa1abd3da33adfc1b4bdcacae3b,beleza_saude,health_beauty,954,6486,3
7183efbd8255631070da5dbec6fd1f6a,relogios_presentes,watches_gifts,563,159750,3
0f1b6cf5c6e4c8cd21af08f8bcaa9a6d,perfumaria,perfumery,2715,23548,5
a7bb5aeaddaef80b4c9c5cddfb9aadbf,informatica_acessorios,computers_accessories,4252,65408,1
ab9dcb9afaa1d12d6785fa1bfb62cd1d,brinquedos,toys,2624,20160,5
55cbfb7fefb69bcfe6e2cd69bd9add09,esporte_lazer,sports_leisure,4776,18054,5
a14cbc54eef2dbc2f47fdde4fe9657aa,bebes,baby,934,10530,5
dcefc6e44bfa2ebb3dac9424620abee3,informatica_acessorios,computers_accessories,2377,39984,7
b3cbad776a00816d1efe2a7bf1f2012d,eletrodomesticos,appliances,3233,26496,7
face8978a37b0ffaa9cad7b184f2cca3,bebes,baby,2466,24050,6
f4ded237c544e3e7c1715c7facece7eb,informatica_acessorios,computers_accessories,1345,62092,6
ee6fcbbf4a6332078a0bb980789eaa0c,beleza_saude,health_beauty,2415,5780,2
faf9be0265321c06fbfa698c9627a5a6,brinquedos,toys,3101,15708,2
8caefeddcce5a8af26a09f712d0d4c88,relogios_presentes,watches_gifts,2961,7560,2
57f7b91cdf01cb1fbff01afa40521adf,papelaria,stationery,384,75600,5
80f83ccf9a6fd2a9af4ca1c10aeceb68,telefonia,telephony,1720,10395,6
fd4fec5d42fa6ec676c4f052a023adfe,beleza_saude,health_beauty,4121,27265,7
c72bbb3fcee70c34dff46d2e4a9cfc08,moveis_decoracao,furniture_decor,1840,22750,2
d9bbd1cbf3dfddf0c3ff5ce0b8fabf77,telefonia,telephony,958,38976,4
38ac9385eb4eb78f72fd394eabdf4de9,beleza_saude,health_beauty,4784,36960,1
f67c4dfc0ec104d548edadf3ef379ecc,bebes,baby,4343,43056,5
befda49ad7de00fe71c62afc8b1ddda6,automotivo,auto,203,34632,1
ce0a95e19372fc50aab5ec5feff927f3,utilidades_domesticas,housewares,151,69552,1
e62ac3ba05dc2bc4b58f05a01eb3e4de,eletrodomesticos,appliances,2748,150480,6
3d41a6bcedced4ff196eb5b12a9551bf,beleza_saude,health_beauty,4612,6528,3
e4d7c6c8a6c17a7bf64a2bc2fb477a98,cama_mesa_banho,bed_bath_table,4463,64935,5
e95e274776c0e86bd160f4aadb7f3ca6,ferramentas_jardim,garden_tools,2782,121344,1
8fded79c2b06dc1ddc0b8e06f9a91cd0,ferramentas_jardim,garden_tools,1903,24531,7
fae5fb8e7bca2bd414fc46f4fb3ef356,moveis_decoracao,furniture_decor,1338,52140,2
bcb633d4d56ecfc1aace8a75bb3b73b0,esporte_lazer,sports_leisure,1533,9120,4
d1daf3e9ed4bc9be2cfb784d60f75660,brinquedos,toys,1102,65450,4
0fa245bf21ddde09acfae55fad8fd0ab,utilidades_domesticas,housewares,587,12064,1
c8cdba09fef5bdfebc1a2dab39410d7b,eletrodomesticos,appliances,264,34560,5
cb268ba4df22541efb800aff52ce4acc,utilidades_domesticas,housewares,4013,49248,1
ecdebcbf21522e6f664393b56f3f2dfc,utilidades_domesticas,housewares,4400,4284,2
9fafe79cf2dd1ea3a09cbf8a4cb1dec9,moveis_decoracao,furniture_decor,3646,67725,2
fb781ecb07a8efcfc78ad1bcee0e4d5e,utilidades_domesticas,housewares,1223,51408,6
ae0f9aa0c6ade6bdc511dc5d5fc44ae5,ferramentas_jardim,garden_tools,1076,27600,3
e8f4a0fe7eccba0e64fd2e82dc7100d2,telefonia,telephony,3195,46690,1
5408f7bc34f36f3cabe7826d1548d76b,informatica_acessorios,computers_accessories,1738,103850,7
cddaef178f7fc17d87fab8a0ef98a021,moveis_decoracao,furniture_decor,2435,16560,5
d3cbaedee9bc00abcad5bfd57dc90cf2,esporte_lazer,sports_leisure,688,17820,4
1a2a42cbec5ba61f9fe2f14aed49da0f,bebes,baby,801,38454,4
3f49be526dd293e33df7c0621f59ebdd,perfumaria,perfumery,478,57564,1
eac2eddcc0d2bca40cafdbeffebeea57,utilidades_domesticas,housewares,2712,126280,2
beab81f0a3cef91ea24adde610c52f5f,moveis_decoracao,furniture_decor,2953,54120,7
1d13b0be0366eb6a03c92ca2f0a923ae,informatica_acessorios,computers_accessories,3576,13872,4
afcfb8a2c0aadcf4ffff84cd5de3cccd,ferramentas_jardim,garden_tools,2150,6090,1
8e5fc1db6c60256d7250bd5ed966d3f6,papelaria,stationery,3032,138092,3
a1bcc9baad9809445c1cda788e402baf,ferramentas_jardim,garden_tools,2590,60720,6
9ad7396cbf1f8ba6adf71d85ca3c08b3,papelaria,stationery,1529,41184,3
cac3cedcf5abcf0b3a9db7f593ca6237,eletrodomesticos,appliances,1994,56202,1
e4bb6f5b69ecf3d35a3493492fe5500b,automotivo,auto,910,12600,6
daab0d5c21a98d9cefb9b96dddefbeb8,papelaria,stationery,1148,33984,6
17e75364ee9bc25e3fe2cf3b5b90f8aa,cama_mesa_banho,bed_bath_table,1588,11700,5
0b975e3b7a01b9ed6c7bf48e483a49ad,moveis_decoracao,furniture_decor,1471,16940,7
bc1b4d2ec97e377dc08ec95fde862ce6,informatica_acessorios,computers_accessories,2594,770,1
76c075accef1afdd17d0d19ea65ba7d4,papelaria,stationery,4540,39117,7
bb696ed5b672591daaa3757f18f0f2a3,papelaria,stationery,1400,86856,4
2fae7a7d8da20dde5dbbbabf838cedb5,relogios_presentes,watches_gifts,4117,14632,2
f110e64d4b5b92084756ccad2c5f6c51,brinquedos,toys,733,16170,1
8067f3d8eec7ad6169a06baffa1cfc0f,perfumaria,perfumery,1124,67320,7
efadbebe81fadb8a39db2a6b8b78af82,esporte_lazer,sports_leisure,3657,32923,7
eccaa4f7c2df3c05cbc98eabafbd8de8,relogios_presentes,watches_gifts,1807,157248,7
4f1af2e9694c9b9a3d1e9daeacc7aaab,moveis_decoracao,furniture_decor,2727,6160,3
6b5efc366bec0a55c9cab43db93792c7,utilidades_domesticas,housewares,1866,12880,5
3ce8c2d91b23401a5a0ad728d7a3248e,eletrodomesticos,appliances,3217,51968,5
5fd1c13b49fcd0fbf124b49b4bc0a7e7,papelaria,stationery,2505,2340,5
29cf1426039271fd9ecbdcff6b6dafd9,utilidades_domesticas,housewares,2121,97614,6
d8fafac5f5fbd6a7db28927cbb31be49,bebes,baby,4476,76590,1
5ee90c6c40ad3ae41ad6facf80e9f7c4,eletrodomesticos,appliances,4429,28272,6
5445cc781bfc4e33d1ac419c3d5f4cda,papelaria,stationery,1482,110000,1
edbdb1e62d6bb6a60cb0a3e0efef020f,papelaria,stationery,4804,7497,2
a2a29d2df67246e3fdbc8e49f8ad89a1,telefonia,telephony,2832,44968,4
5e7c8cb5f081608ecdcbafd1befa8ad1,beleza_saude,health_beauty,929,48024,4
4661f48cd7912b9598bcc5dd17eade2d,beleza_saude,health_beauty,144,100320,2
5e74bcdcc42cbabed79ddfb8f7bf1d5d,ferramentas_jardim,garden_tools,1204,5280,7
3acf1c4c4ae67bf8acb4e77be6ceaeef,bebes,baby,2619,99330,5
7afa8ba81c6dff31ed7b7c0259a195cc,moveis_decoracao,furniture_decor,896,27552,6
d4f3fd44c4d3b7982efcfd30abfaa1aa,relogios_presentes,watches_gifts,949,26520,1
8a517c019f6ba1c6b5243cf226b927b5,cama_mesa_banho,bed_bath_table,3336,19344,3
fefedcd4c4e6e171a9f92977221400b7,telefonia,telephony,2024,43732,1
7cb69b8aee9a2c68cf31263b3b5f5aed,cama_mesa_banho,bed_bath_table,4689,177674,3
6052daae2f6ec63f9effcf84bf3043dd,informatica_acessorios,computers_accessories,3867,25536,2
8f2dbaa3f10ceadd4dd1e73ed3c6bb99,moveis_decoracao,furniture_decor,1861,24650,2
f6492babb8956ac6c1cae534fb96d52d,utilidades_domesticas,housewares,2263,10150,3
a0edaefd467d39eca379edd745d7f042,moveis_decoracao,furniture_decor,4719,12920,5
eecaebaa99694a4dba15e157dabcd55e,moveis_decoracao,furniture_decor,189,8415,3
c8c82a249a83ae6e34362a13fedafbcc,beleza_saude,health_beauty,720,7956,1
2cd4ddce0296a5c5e2a24bd19ec6dead,telefonia,telephony,675,34276,1
a07e5c3abb7e68dbad974f1d8f309eed,relogios_presentes,watches_gifts,4409,19530,7
a02d690dc79faff4dc0d0a7f73fcc9d5,relogios_presentes,watches_gifts,1672,14592,6
1d355ceb6cfa2b2fedcd3ede569a3c61,ferramentas_jardim,garden_tools,3438,79344,4
c7636acf4e74ad27bb44d418f71214b3,cama_mesa_banho,bed_bath_table,1973,61908,1
6f40ab3afe11f4b2fefdddc7e42cab5e,bebes,baby,2640,62040,5
fcd3fa5cbbf05bf4ffafcfcfcae9afda,utilidades_domesticas,housewares,2135,72072,1
1266a0309f4a7c0b8b3fa32c975d0cd6,brinquedos,toys,4497,2730,6
0f0262745d3e70930e1a018f4cdb8cf0,informatica_acessorios,computers_accessories,543,20460,3
b5c9be9dc9bdb286fca51f9fafdcb9e8,relogios_presentes,watches_gifts,1657,39420,3
dfd1ee9ba2e137cc4ba8cda12ae73e93,bebes,baby,1838,40392,4
a388660fc3cac3cb1333dd7e1bbafdcc,beleza_saude,health_beauty,4771,110160,6
11721adcdbccbadd1d3cce5e6ae4bec7,cama_mesa_banho,bed_bath_table,831,17280,7
1a8a7c28e10bbd8efd3d3f0a0ccab5cf,utilidades_domesticas,housewares,4448,20790,6
d8a2d2582a6e107fbf7d8eb4dc50d97f,cama_mesa_banho,bed_bath_table,2094,23760,5
c9fdd2fdbfbfbf1facf0f8dc8ae5f91c,ferramentas_jardim,garden_tools,3338,59466,5
5e52f4be6cc0f117fd20028bfeaff4df,telefonia,telephony,1479,2275,2
0a16017aebfecfc9ad7a1b5cd8babfbf,informatica_acessorios,computers_accessories,2941,43608,5
e2dc04ce7ad3d165ca4cbb29c6045e4e,perfumaria,perfumery,655,35112,2
84ef9dfeefaeb0e07bcdbcb6e488befd,brinquedos,toys,2410,7800,2
adbf1be95cf3dcfa8bf397fb7ef41b7b,beleza_saude,health_beauty,2200,131157,1
d08c0b1f91ec9391f4c5032c04c5bcc1,brinquedos,toys,3291,57528,6
dededb3f5cedb2dd6fe6faffb14329f6,relogios_presentes,watches_gifts,3230,21240,4
7af2ababacf25cf9c2f4e872d3ead3c8,papelaria,stationery,1107,12008,3
67f50cef1cb3bbbd43a3fdbddbdcadca,automotivo,auto,2515,10140,1
57feb1032d0d4dffe9bfe2a9fca0e678,brinquedos,toys,3549,7105,2
0b8c2f8ce77638abd4cefadfa3aa9d15,ferramentas_jardim,garden_tools,1402,4214,1
95c8dc7e2dd487c8f9a9fee25fbdd92c,esporte_lazer,sports_leisure,3616,108650,2
af3fb45f765ed3abde8c078ac4e1afca,ferramentas_jardim,garden_tools,2290,137700,6
13d96230480213c0f87b5d7eb95d6c3d,eletrodomesticos,appliances,410,12240,4
e2445195b35ccbac7ec3279df28f60ec,bebes,baby,2172,29040,6
e74152330eecaecaacafffcf1a466410,automotivo,auto,1321,21200,5
88ac52b5a5cc2d49fa80601bfda833b6,esporte_lazer,sports_leisure,3577,47082,3
bed6efd5b368c1cbd815819cd3343da1,esporte_lazer,sports_leisure,1253,23184,2
8e3a1cd7d22f8ce5b7128e41d22f45de,beleza_saude,health_beauty,4896,17238,6
d4f7dac2fc51ba19215e3dbf2b8acbdb,bebes,baby,4660,6336,5
3ecc459a4dff40c776bdb5a889ecb2fb,papelaria,stationery,4498,37152,7
c1ad7c34b14bacaafce46d4ecacabd7a,moveis_decoracao,furniture_decor,4452,21141,1
afbedc789acdc14b13411cd1d6027aea,beleza_saude,health_beauty,2907,43384,7
bbc89d0ffbb6eb89f785b20c762da0bc,relogios_presentes,watches_gifts,1292,68544,1
64b4a48df5f2fcd145d692dd76bbfdb4,beleza_saude,health_beauty,1238,47520,4
1f9d8a4afd5d3f4d7bf8cdb2da700bad,cama_mesa_banho,bed_bath_table,3512,67626,6
0ae447f4a0c43f9bbb1801df4a9ee214,perfumaria,perfumery,2253,5796,3
23e38acfaeca5c3d83aec9c281d28f52,esporte_lazer,sports_leisure,2398,14000,1
3b55f7ef2d9dacde6ea6f4cce4451398,ferramentas_jardim,garden_tools,1240,96048,5
adbfafc9f4b19ddfd77c979725de4a2e,relogios_presentes,watches_gifts,1077,11385,5
ebebafde96c785af1e2166fdc8fb96c3,moveis_decoracao,furniture_decor,1497,16456,7
2adf2444f8cfb0ea1d15abe1c890f0dd,cama_mesa_banho,bed_bath_table,3795,127296,1
4b3fab14fe8fc60faab2aa617a277ddf,perfumaria,perfumery,2205,75600,1
9e49a1f144add0b53ec28f5b70dbe6c3,moveis_decoracao,furniture_decor,2957,202370,2
c5e4dcab4fbb84ec4c741bdb618ccccb,ferramentas_jardim,garden_tools,2070,100100,5
ede50be2b3e2cd7d5acad20b6679ead1,perfumaria,perfumery,3064,17024,4
38f97d94eadbb992cd78ff10184c3dec,esporte_lazer,sports_leisure,984,912,5
d1e779a3b45653edf4b6ebdab9bc21d2,relogios_presentes,watches_gifts,2904,49914,5
adbc1bc0734df14cbcb4fd0f7816ea0b,automotivo,auto,1877,13056,6
c80db1fb45fae4e0aeec749cee8f2ed4,brinquedos,toys,2145,168119,2
c4fecacfce1c2203b0c0a07d5da4007b,relogios_presentes,watches_gifts,4067,19200,2
f1ed2394db1bc2a073e4b09520eaaadd,esporte_lazer,sports_leisure,1255,16650,6
b089dfb2a8ce45ccbfd31f6e7de82e84,moveis_decoracao,furniture_decor,3821,15096,7
c9e53ddb14bcbcbeecfc7ba015af2821,relogios_presentes,watches_gifts,137,25800,5
8be99cff3faa4c8edbfb7e3c233dcf5f,relogios_presentes,watches_gifts,3370,11550,5
b4ccbba23d8d1f333edad7ff5adaacde,automotivo,auto,3882,117218,4
f2667eebbd33a1fd4b1bb7a6cbc751b1,relogios_presentes,watches_gifts,312,109446,7
fdc0ed4ab27c3aa4b6ff13f3655d75f9,informatica_acessorios,computers_accessories,2866,28224,1
8ad738ac727071f996ccad1a3ffe6b3d,ferramentas_jardim,garden_tools,1936,29260,2
f10b887df13bb44dce195abd3fa1c6c9,brinquedos,toys,2411,92736,2
2dfccd5fcbea4c787058de1a42ea7fef,utilidades_domesticas,housewares,716,135432,5
7edfe3c12ca57ca55dd2e4eaa72aa2a9,brinquedos,toys,2749,48645,4
3466afc36130d8a212aefe1c56eacd5f,bebes,baby,3852,64800,1
f25bfdbfee98cf6c3fa5e0cd4cc7ddbb,cama_mesa_banho,bed_bath_table,2540,33040,1
306b9fead36c95b1cfffa4aaa6e59047,relogios_presentes,watches_gifts,2791,2142,1
7d02f9d7ec68eaed7a4f1d0cdae5e0ff,perfumaria,perfumery,3901,54900,7
8b3b439ea2dea1c28d8ffecf44e93a56,brinquedos,toys,2865,13860,4
fdffa3ecd4b38cfce66be8b1ed24c21d,ferramentas_jardim,garden_tools,206,100156,6
c4c1f4b3d4dd0853bd1ab52de3a3f04d,brinquedos,toys,628,106704,3
60615a4b6cd15c3fce2aba8f3eba46bf,bebes,baby,1046,100464,7
b14315f13a9881dee24ef83bfd623fbe,brinquedos,toys,2143,82320,5
b6af37f3abedcf6eff5b6f68bcb9c2f9,utilidades_domesticas,housewares,365,38532,2
fbedc4dedc2aa58e59f884efc2c2f2f1,papelaria,stationery,2932,53872,6
5018c2b83bf2ccecd4df24c8fe34aaca,bebes,baby,2965,2112,7
ebc1e7118adf8d2b7e757372bb276ba7,bebes,baby,2521,134520,6
af852f5ff5d3ba3effb6d8db59bef586,relogios_presentes,watches_gifts,2583,4836,6
8baafa66aed16524ff9d7bf168d3636f,moveis_decoracao,furniture_decor,1653,68324,4
d39df1ecbfaad8dce65bf2d12b781a4a,esporte_lazer,sports_leisure,509,8740,5
a1a0ea13536fddd39916bfe2e3b2e7d1,informatica_acessorios,computers_accessories,3338,4508,2
56d4e2dec0ef2be7db9dfbc1dfcaf8fc,perfumaria,perfumery,3121,37200,7
8a8edf6afdc8df5bfc18fbf6caefcff7,ferramentas_jardim,garden_tools,2163,81510,6
d2f042ccf8f0d1c7b6b7d9ff17968560,informatica_acessorios,computers_accessories,3169,15900,6
5589bdfcd12a4a86c6da86abdf8f3efe,informatica_acessorios,computers_accessories,2682,22831,3
00e8de3c3d9a9acef64ceacf03c6420f,moveis_decoracao,furniture_decor,4598,17024,4
88aab39c9bf5fabe94b6c655dee4cc58,beleza_saude,health_beauty,111,64701,3
1bacdc4daea47660dbe47350dfffafe0,cama_mesa_banho,bed_bath_table,275,162690,5
0dfc15db7bf72250dcd1ffc7ce49705f,cama_mesa_banho,bed_bath_table,4597,30566,1
58356d4f346fbaeabfadbbefd0a2e3f7,beleza_saude,health_beauty,3971,4500,3
abf17bcad86a10faba9faa512ee4bcc6,papelaria,stationery,4257,17388,6
3ccaf8b95b924bfaac47efca7b4fabcf,relogios_presentes,watches_gifts,3167,187050,6
4436def3802d3def90ca40246ff46dfd,bebes,baby,2775,48852,1
d41d9ef7fb4d6a12ebab91ddda56a8fc,cama_mesa_banho,bed_bath_table,1981,25080,1
b91d0d52ad76ff65f67b4edb38f3ccf6,automotivo,auto,3982,23400,2
f0ff22dffe1df99b7be35a0b28deed83,bebes,baby,4191,40716,5
b8be01bafd7111221858df0ca36830fa,utilidades_domesticas,housewares,2292,27600,4
dbf6d517ce0efeb3fdfbea999b6310dd,telefonia,telephony,4873,5096,2
cf2ac314eab85aeaeadb886de4d36b06,bebes,baby,4074,57876,5
c237abfba054accab937de04035a6a8e,cama_mesa_banho,bed_bath_table,440,30798,2
fde83636a5cf03c52bb1b372b7a1a0dd,brinquedos,toys,3511,46740,2
22cec9e7b5770a27d6bf6e9cfd0c45fb,perfumaria,perfumery,4512,73216,6
9cb29ea201caca215b66714e2be786ea,cama_mesa_banho,bed_bath_table,4035,97384,5
e3cbccaa2781afa6c2adff3cf84a78b5,telefonia,telephony,355,49056,5
e983fc95612aab0ca9bf6fc8d97c8cab,moveis_decoracao,furniture_decor,2627,55056,6
2d844fe8d6bfa9af8c3c020c6bc6fedf,cama_mesa_banho,bed_bath_table,184,15792,3
c2cebbefedd62a8cecf66bdb0c7df4bd,relogios_presentes,watches_gifts,1178,5670,6
e9ff818be38bdfdcbb094e0d5be5bae7,automotivo,auto,940,10672,4
56ea4ae2cc5aad2a77d14dda0ecffd6c,ferramentas_jardim,garden_tools,2321,82080,5
cafec37e7f91bd8cf0bcb9ad7f9891a2,ferramentas_jardim,garden_tools,193,39711,2
e3ee5a0ccc4ecaffeaa3ccdcadcc3efd,esporte_lazer,sports_leisure,3648,166320,4
c0a382bd3da9e05d0df6cbca1bdf0dcc,brinquedos,toys,2595,45752,5
e6fe740b8da9ce5ec8ce2e7f54ba24ab,ferramentas_jardim,garden_tools,2049,14040,3
ec9a7baffa28a1b792a53d9a8baa11dc,informatica_acessorios,computers_accessories,3480,9400,2
6441ac3ec22aacad1d02c0eee45a2cad,beleza_saude,health_beauty,2654,41292,7
d8cfba2d50dcdb2cfd3b7b2aa21ebb13,ferramentas_jardim,garden_tools,3887,50274,7
9465b7ddacbbb9bfb3d6fbaa9102aac0,utilidades_domesticas,housewares,397,16835,5
d9b69cd445cb68873f1f5ddec915af64,utilidades_domesticas,housewares,4631,5888,5
f55e3d1ac40138dde1fb282f6522ba35,beleza_saude,health_beauty,886,124740,1
c28cf58c6e1a36fecbbe6577e2e33baf,automotivo,auto,458,43512,4
8cca1ca74cb89a7bbb5b03aed9e5cbd1,informatica_acessorios,computers_accessories,4736,38318,3
92dc176ec5b90ca23e2b4e937c80e59d,beleza_saude,health_beauty,3181,41412,5
baf4577efcb3658c500a45dd161bca06,perfumaria,perfumery,4690,34048,6
ac83dabfdcbcd13d1e9e039be7effae2,beleza_saude,health_beauty,2621,38584,4
80e7a6fc22df5a912ff608eed828f9b0,automotivo,auto,2820,72333,6
3b093ac365a047767ce2ca44ee81b4de,telefonia,telephony,1381,9333,1
4ccbdf58af5f36aa01db70a3a24f2cca,bebes,baby,2093,63450,3
07fadb0b9c9b55adb025dba3d126f3e3,ferramentas_jardim,garden_tools,3451,8664,2
1f7d047e03424fe3b8d11a55b2e0a3d0,moveis_decoracao,furniture_decor,4798,15200,1
beaf79ed7bffdfa7381eedce7bedba5b,cama_mesa_banho,bed_bath_table,3119,55300,4
e3d6f9becd2cf25fba71196ed6b7d60e,ferramentas_jardim,garden_tools,4288,15750,4
dfbce742221eaef8cacd5cc14dc22eac,brinquedos,toys,4499,31500,2
401aae7f9ed6bb7043a9f833ca1cd7a6,papelaria,stationery,1917,91000,7
f71a8d43c7bffb2f7a0bd72e2abbedc8,eletrodomesticos,appliances,1929,204288,4
8acf6c58b85ceefc0cb198239a69f55f,perfumaria,perfumery,3009,17640,6
e801bf5ec42d85cd16fafa863a7a4be4,ferramentas_jardim,garden_tools,795,11655,1
3f1ca5a94c553cba57ceb8b3faa8acfe,automotivo,auto,986,100719,3
f9404c959ecc61e0de69b9623bae46e8,bebes,baby,2482,62234,7
a1b25c2a7a05d3bddb87b7fe1e472d7f,ferramentas_jardim,garden_tools,4934,25872,5
9abd68ea0606bc4bec8e86cce9fb6304,relogios_presentes,watches_gifts,412,63232,6
bfc708aba1eeda9ec25cdc42bacf38bc,telefonia,telephony,4810,84960,2
4e28d59a74bab2631eb4eaad7cebd7c5,brinquedos,toys,3216,13120,1
ba3b84afb2bb7851ec0de9695adc6073,papelaria,stationery,4233,57024,7
f0a7df83f5ff308aa644fbda7ffead3e,cama_mesa_banho,bed_bath_table,4183,126096,5
a085bbacfd5d6ddcf7219aede7cfad47,utilidades_domesticas,housewares,1025,55296,5
41705bc2cad91b6cceacb0f61822cab4,ferramentas_jardim,garden_tools,1400,5610,3
afce8ef9322c0d14363e5ba3de9c1ba2,telefonia,telephony,1186,26532,4
f9b0256c3c0449c57a97dbd39be6fbf6,perfumaria,perfumery,1413,36120,7
bf296bcd74f0fbbfe591a851b517ea96,relogios_presentes,watches_gifts,887,19608,4
4fb78a0fa796653038bec5ceadfadace,perfumaria,perfumery,4962,32900,4
bac766cf62eaf97c3e70db4fa7a26aa5,moveis_decoracao,furniture_decor,2723,9540,5
4ddc7667e18a26ae6a76cf304385cfea,perfumaria,perfumery,602,40950,5
fbe41cbfbbee19ae7c20af7b0875ebb2,beleza_saude,health_beauty,466,102486,3
aa0ae450e1eb1aeedcb8b7a3e4e8d019,brinquedos,toys,2478,17480,1
acf6d9e3c66bc68fe35ea721944cdbda,cama_mesa_banho,bed_bath_table,3400,66000,3
acf8c25aaf0dab6aa23eeec971942d8f,eletrodomesticos,appliances,4256,114380,7
e209da5adaba8eecbd5f2acfba7ec8eb,telefonia,telephony,3497,94643,6
e3578bdad9886ced9cec7eeb302f7927,moveis_decoracao,furniture_decor,4386,9900,6
d9b3bdfcf8a6dd8011d8bbd324ab4224,esporte_lazer,sports_leisure,501,27456,2
5d80befc3fe6fe2878bad46444f4d3a8,eletrodomesticos,appliances,3063,21571,1
dea4f6407a51e3b57454ccef29feb8dd,ferramentas_jardim,garden_tools,3934,9120,6
a571b2ec39cfddac1eaad4db29dc390f,moveis_decoracao,furniture_decor,988,12600,6
dbf3225b540f5cfed7d4f50da0c88b4d,telefonia,telephony,2999,66990,4
bdeb1ddaef35f0046b95de29b9ee88e4,beleza_saude,health_beauty,2231,64288,7
514ee39fbabf813bb59afcf762e3a0dc,beleza_saude,health_beauty,3497,10560,5
acee60497575c8a1b7ef1f4aad9bd2a8,bebes,baby,186,6660,1
7e80a289ea111abdbd0dfa907d3dfcaf,telefonia,telephony,3581,8904,2
9bfbcab3cede579a70cff3e93a308adb,moveis_decoracao,furniture_decor,4992,4356,5
aee6fbd6bbefe00bb3ac9cd3acd2699e,ferramentas_jardim,garden_tools,709,73656,6
bc7a2520f1efd8b0adea6a8c10b0f2f0,informatica_acessorios,computers_accessories,3576,154462,3
5acf36baf3a56af8acda9e796c8ccc1b,telefonia,telephony,2046,47320,4
65bcd3cf5fc8beecfeadf3ccfc620353,moveis_decoracao,furniture_decor,1954,166320,5
1b7aafe13b417d5ce2bde8d63d7aed8f,relogios_presentes,watches_gifts,2609,160599,1
ca2c7bcefda5cfdade051ad3cdaaf421,cama_mesa_banho,bed_bath_table,2534,75200,1
5ee419e3aa1fbcfdceff7cdb9a9a9fca,papelaria,stationery,311,10602,2
57917dee6e8dcea2e25af6e58c9a704e,automotivo,auto,976,89760,4
f655ecdb377ee229ac206ae34bb9ccb6,papelaria,stationery,3628,98728,6
ee8eaece80adab109ffcacdde82e7da8,utilidades_domesticas,housewares,1007,84084,5
0f6d168bb0f621871ab20704fee4cc77,papelaria,stationery,318,12474,6
b5bf9abcbfdd81c8dde4cc5b2e41a9cc,ferramentas_jardim,garden_tools,2204,31850,4
c387eccedeb48beabdef35dd6a90bc6e,esporte_lazer,sports_leisure,2287,13020,1
59c04ea8493bee2cd7ebfbf96b8d1a33,papelaria,stationery,832,16215,6
acaffe90d21bfa70fa936cfe260ca9cd,utilidades_domesticas,housewares,2042,30752,4
77af7ae551fcbee7a7cb166a51a8fd37,utilidades_domesticas,housewares,3147,57171,6
a4bb5c5bffbb6e410dfaf53bda358dab,esporte_lazer,sports_leisure,2605,138600,7
7a40de5645eda3daedbd19e4ecffebd3,automotivo,auto,248,4760,1
de7d8aabbfd9c9e98879bfa2d9d4d747,beleza_saude,health_beauty,4806,146740,6
f65ce09b5ea7e2f9e269cf3cf930b0d5,ferramentas_jardim,garden_tools,2839,14625,3
971fa3e2d2d6cc5dbd10683dbd24c7d0,brinquedos,toys,2040,5600,7
eb28a9eea92b4ce2b2dc37be5fd4f524,telefonia,telephony,3013,4320,1
8a76ef7da568df31190fd2edbacbbcc1,bebes,baby,215,14490,5
da3dacdfbd4aa83e7eca1a3d2eeddfbd,telefonia,telephony,4684,40768,5
df9f12c32cde63c43b27ed381afde946,eletrodomesticos,appliances,288,24190,3
551b3d04cbab8dd0c15cc67cc5da1609,brinquedos,toys,3746,5324,5
d353ec13bd1b080bb7eebeeabef3f2ca,eletrodomesticos,appliances,4887,45430,3
a8fce8aabd4ba5ebab4edacfe42d3495,relogios_presentes,watches_gifts,2207,18600,5
e7baf5b2bb0febd859fafdcb1bb5522a,papelaria,stationery,1629,97888,5
19da71fd533fc5965f9be9bbe4fe6fb0,papelaria,stationery,3825,3528,1
e4aed5efb3a5dfe6687d6936edc8b0bd,cama_mesa_banho,bed_bath_table,3094,2673,5
b226d07fc369a852148ac8263d6c0ecb,bebes,baby,3586,43120,1
fc1489875cd7d0cb6928a05bbc831bf8,telefonia,telephony,2157,10692,6
a97361a6ca03faff6aaab95beba4bb1d,cama_mesa_banho,bed_bath_table,1150,117936,1
48adbd2d4cbf1285c11a3be22f56abf9,cama_mesa_banho,bed_bath_table,3852,60320,1
c0db2abf4b4fb2e962dcb0325abbd7bf,beleza_saude,health_beauty,2160,12996,2
b36eebecceb44ee89e18adaa2fcebaab,brinquedos,toys,1183,20358,7
c53a169d9bf9d8bcdf29c98fb9adc8e4,informatica_acessorios,computers_accessories,3406,20672,6
be9df20a29ccbbd4f9e5f3b6fc8a0dff,esporte_lazer,sports_leisure,4189,11408,6
c479e4cb31fa6eed35eff071422926c5,papelaria,stationery,1411,1500,5
8ac3d73b3afbbba79ecc5e5e4fd1ca02,beleza_saude,health_beauty,3893,79560,5
abd0eec948fc1cfdd38e718ffeba0bbb,ferramentas_jardim,garden_tools,4108,33345,5
6f11afba1b8123eba1236f303b8df30d,beleza_saude,health_beauty,348,39104,4
dfebfdaec1eb4fafdee5a70b5efe2aec,cama_mesa_banho,bed_bath_table,3919,13680,1
aa7bf80694d8ecc04f0311acc9ef4f70,eletrodomesticos,appliances,3603,94500,6
dfe1eebfdfe7fddf42b6f68e67ee9c9b,telefonia,telephony,2652,38556,1
a0fdbd411f5a381ee8e24a3c0f0e4bae,perfumaria,perfumery,3642,3240,1
d0b5d65f4abfb3bb3dfa6f06b80a9c36,informatica_acessorios,computers_accessories,2372,47376,1
b15cfd6bbfd588c371fb92db8202deef,ferramentas_jardim,garden_tools,1618,10962,3
edcdc6ca5a6eb9e6ea9c66c0eba3bbf8,telefonia,telephony,893,43428,7
1af1ccfa8a5d67af27bda3d147d02dac,bebes,baby,4857,3672,4
d27f16b008e32e4ec3a8f0a634ec2d08,esporte_lazer,sports_leisure,215,178360,5
a86168bccf0fbe3dff8ee253ab7c028d,relogios_presentes,watches_gifts,2072,48093,5
4e9bdbfeecab81eb3ded3a383dad59a7,moveis_decoracao,furniture_decor,4665,52200,7
bf341fa8a2be4bfd3ccedaf022d5901d,papelaria,stationery,3953,3300,5
dcbfabcf402dfec87cd956d5baed0a87,brinquedos,toys,3299,25080,6
fb29fdd72baccdab3d2f2e0b2f5f7fc3,telefonia,telephony,3131,19250,3
9e5fbb4ba219ebaad1f1da2b39e4bb61,esporte_lazer,sports_leisure,4490,19296,3
ba8da3d91ededebec32d4b558dc90ebb,eletrodomesticos,appliances,3100,19200,6
96420288d8d327aafaeeb0e5bffa952b,brinquedos,toys,706,146016,7
9cc4a0ddcaeecffe40bc1cba3e4ead9d,relogios_presentes,watches_gifts,908,30340,3
4c3cfaeeabf727b2f147e4cd9acf1a81,automotivo,auto,2424,39480,7
5ca6f9d04a344cce9fde1d00f98c8e6f,cama_mesa_banho,bed_bath_table,3287,146300,7
bfcb6bb4a8a313e8cfa3ad7aa927894a,bebes,baby,1130,18408,2
d67f805defefdc42dafdeaa550ba0d9e,papelaria,stationery,2649,17050,3
d53c7b3cdeafab9eacf0c01afd6a6ccf,ferramentas_jardim,garden_tools,4743,25480,1
fea4024ac0b84ede0feae9b5bb28c63b,papelaria,stationery,1764,21375,7
099cdfad59fec0ce5727a6b39effbcef,papelaria,stationery,3477,95030,3
ecadc0aaedafc7fb65add52b5be76eda,bebes,baby,2875,144400,4
eaa6eab810fac9fbfa97378c518402ac,relogios_presentes,watches_gifts,2800,67257,1
2e7f402ed93cbb17bccced4ae1fffc13,relogios_presentes,watches_gifts,2199,29120,3
792d9faddbf3ecf3b17afa362b7d5bf8,bebes,baby,1177,75276,7
ee4199049628cab4de8bcfeb7e533e02,brinquedos,toys,4441,8671,3
50a0fbf1d73a442e83cccfcd6375daff,utilidades_domesticas,housewares,3586,28152,3
8cd92dfdda8fe9a4c9dbcfbec2bb6a00,moveis_decoracao,furniture_decor,1590,39312,7
c17bbf3e4d5384750efb72dc2327cb6a,esporte_lazer,sports_leisure,3603,60690,6
e9bc6006cc46f8efe2ee7ca6e50a15b6,beleza_saude,health_beauty,292,57888,6
8de18fbce87e0d51d0fbd6a6156261ff,cama_mesa_banho,bed_bath_table,2760,17010,1
1c6cc8af2edfd9ac9ec7fb26d503c438,brinquedos,toys,3628,70006,1
35d7b9e0f9dbed7a23cafe4740f2689b,telefonia,telephony,687,72520,3
3dc9f52a282dc726d522bfed7bbed9eb,utilidades_domesticas,housewares,283,97128,3
4b50c29eaeb7f7f99c84c71bcdf2621f,informatica_acessorios,computers_accessories,3383,56320,6
fc376fe59dbed7fedaa13f53ce754fba,papelaria,stationery,3437,72036,4
21571d4cddd13527be5ccbbf7f1ddb9d,utilidades_domesticas,housewares,3462,37800,6
ceb70b0263b827bca9cc3bebefc6ceac,papelaria,stationery,4027,39690,7
d40c12cad7a0fc0d9a8e5f6e4ebf28ba,utilidades_domesticas,housewares,200,92400,4
bd1ecbf7abebd8fbb9858e67b711f5c5,beleza_saude,health_beauty,1230,19152,7
b812e971a9044bc616434cc7abd11bbb,cama_mesa_banho,bed_bath_table,2700,18772,6
1d6d7b3b6eadfdc2c339bda69c8b196f,bebes,baby,2239,20090,4
94b20faa0f68565ca8ceeb9d97ae583c,cama_mesa_banho,bed_bath_table,4826,4830,4
e378f81a51fa16f7aa9b7ce9bd75eab7,automotivo,auto,4561,89180,2
a80ed6b0baf9d19cebeccfccf8adb7ec,brinquedos,toys,2298,20425,5
b2ea3a9bd8bed8fbb5eccdf7cbdf0c8b,moveis_decoracao,furniture_decor,396,30940,1
d7fa47fff1ebe99fff0b69c27d3acd00,automotivo,auto,1654,43290,3
e5cebecccd6afa60b6f27cffd25b0cce,relogios_presentes,watches_gifts,3317,20925,2
aabdb83522aed0cb8abaa53b13f8281b,telefonia,telephony,2926,10710,2
db5fdcd45ecea9d88dedda0c7fae0cf4,ferramentas_jardim,garden_tools,352,42228,2
ba652aaefde6a6a41b39fabbef7da01d,eletrodomesticos,appliances,2147,62192,3
9bb4e9c27b9231cf6bb7441e0ffbdc22,papelaria,stationery,691,42174,1
dce3b2caffe3903cfcb43a0c1fc04b4b,brinquedos,toys,1644,32130,3
ccb57b59d43fefdd346ea6dccfe5b4fb,automotivo,auto,3428,38130,2
735b0e3bdca0dcd58bfeb8bcfc82ba4d,papelaria,stationery,1048,25542,5
ba1cff6ec80da3dabea782b1a21bce6b,automotivo,auto,948,72224,7
6e4838ab75fa75fcf9b32c8a6ee0cba6,esporte_lazer,sports_leisure,2987,103880,4
5abdea31ce8cd0bd8734e1257e14b529,eletrodomesticos,appliances,4804,7812,5
b8d936c0a27daac99d4a07b2cbd34628,relogios_presentes,watches_gifts,354,80852,3
27eabea207e0fe478abd7eaec56e67ec,ferramentas_jardim,garden_tools,3650,24500,4
5bdbfa6ba329eafe9715dfb6e1ddaf41,relogios_presentes,watches_gifts,3101,60736,7
bb7d7d7e16f314bea0eb62a085c8bdbd,papelaria,stationery,1277,55104,6
f4dbfafc2eae5beb2e6d1e20be1257fc,beleza_saude,health_beauty,1989,84546,1
41e7816ff7d6aa5b395066079f0ecf90,ferramentas_jardim,garden_tools,1506,21120,3
743d2ce2fe18e02db28cdfdca26a4e64,ferramentas_jardim,garden_tools,1878,20184,7
7aa069e1eecc51be80fefaae0d6bf2e3,relogios_presentes,watches_gifts,511,44352,7
22ded5482de8e10aaf350ba7a2fc92fb,moveis_decoracao,furniture_decor,4776,12584,2
7e9eacf8fb29fa4bfb936beb579fbdb7,utilidades_domesticas,housewares,996,41760,2
d9ee1dc60de2e681ae90c4050c64e2bc,bebes,baby,1485,11662,3
a869816b74e35ebc5acd808c86cae56a,beleza_saude,health_beauty,1221,167700,6
fe4ffaa2faea99efa2a060eec6f38a97,moveis_decoracao,furniture_decor,2447,9212,3
ed8ee42da16aed5be6f8ad882fd0e0a1,automotivo,auto,1828,3240,3
3c873d64ae04e6da4d6d3efbdef7b378,esporte_lazer,sports_leisure,3446,21780,3
aa5d86f5fbef9afdbfc8ca10a67ce28c,bebes,baby,2611,27840,1
f96a5a9be7a3ede32650baa48a29cea4,moveis_decoracao,furniture_decor,1228,140300,3
2ab652f3bdaabc8daac49b3edbc15fcb,esporte_lazer,sports_leisure,4233,61904,1
cf4dbceaf94f3f6457132a35e2745e82,perfumaria,perfumery,1400,14175,3
c28ecbaa1f2c18b1211dbaff2ffa0b03,ferramentas_jardim,garden_tools,4058,131250,2
37665f5fd587add87edce42c6a231a23,informatica_acessorios,computers_accessories,143,7632,6
abc6064a8404dadeac0b2d93f5db7e7a,brinquedos,toys,3359,14835,6
ccbbad272096bb6abc0c3c1617ddd0ee,relogios_presentes,watches_gifts,4787,59616,7
b3ad8914afc4dfbc43ceccf52f7c1c6b,moveis_decoracao,furniture_decor,4171,51920,3
06e45aae8cd4515cdd48be11a4b7feaa,papelaria,stationery,1213,10540,2
df8daf6a1da7ed2c2745cdf94f0fcfad,perfumaria,perfumery,2659,8008,7
aed2b4bf9ea2f297a1b0cc8b55aa21ba,telefonia,telephony,2558,28764,3
7f90d60ceb1833dfaa0bcd2c50ce4497,ferramentas_jardim,garden_tools,2960,34686,3
30425d59baf0134e673e3ca6aacdabbd,bebes,baby,3273,6080,3
d7f9acb79eceade1b5afda345ef7dcdc,utilidades_domesticas,housewares,2504,3780,2
bde6d13edd1be7beadada284697bdfb8,perfumaria,perfumery,688,149937,2
a6ce1ca5c23bf8ead747fd9ff50bf5ff,informatica_acessorios,computers_accessories,2174,3360,1
b3f27581071faeb0ce3afec5b13d7fc5,cama_mesa_banho,bed_bath_table,4078,16848,6
d340d9de2bada7f3fac661bffffb3b22,ferramentas_jardim,garden_tools,3665,6975,6
8cefb55cb026edc9a857b0ebeeb6714a,esporte_lazer,sports_leisure,548,105735,7
e1db810f6dcf6c53b45ed657ca9f1b29,automotivo,auto,4128,51975,4
fb2375e3df732bcbddd7ad3b8246a4ff,moveis_decoracao,furniture_decor,475,23436,6
d20c4f45e239fa65155bfbb752cbae08,automotivo,auto,610,66000,2
1f428396eaa0ce5f2e79dbbf45c861c8,eletrodomesticos,appliances,3760,4752,4
81e5eb41fa2b9e0b5bbeaf76e5ced3ce,eletrodomesticos,appliances,4879,102510,1
d9b8aced272d74a80bd9c134b1dcbecf,perfumaria,perfumery,2250,24840,7
9b3a98731bddb3610d89b89a3f1cbe86,informatica_acessorios,computers_accessories,661,30420,1
8f6bca7f24a417ff2a91eeae3ead0921,beleza_saude,health_beauty,3260,47450,3
28dfaddc1be1c8ff66c83ff0d08dbade,telefonia,telephony,4284,26136,2
a2ed6fbdba65111bbe0d6cb7dce1818b,automotivo,auto,2366,17296,5
b9ffee9f8a92c17eb22b44cb05594ba1,moveis_decoracao,furniture_decor,3445,14448,2
2c97e11f7d7564cd8afebedec5366ba3,utilidades_domesticas,housewares,1833,2480,7
cbe0f4cb79ecbc9cae0f7d3bbe58b0ca,automotivo,auto,3572,72420,4
12de2016ce959a7dfafcfcfcc8aeb15c,papelaria,stationery,403,21840,6
ccaf7eec9e20088dfa6b7167fbcf239f,bebes,baby,1199,5070,5
b636bef5229ea4d2cbb24dfdd5db0e00,cama_mesa_banho,bed_bath_table,1666,7980,6
aff6b44dcedab8cd24fe4c5d1ade9f26,esporte_lazer,sports_leisure,4507,19584,1
45d566a4eeb429ed8accdc7925a0bc52,informatica_acessorios,computers_accessories,2096,67620,2
e97a07aa8f4f68d8a0a1aaa79feafbd7,automotivo,auto,2394,17010,5
338235eb9f43ca2d792d7aedea2dc6ed,papelaria,stationery,1495,93024,6
66bb115f578da0fbdeda68eb2fcada77,papelaria,stationery,734,26250,4
e20fdfcccfbce8df33c4d7ba54af711c,relogios_presentes,watches_gifts,901,115640,6
fa76b2ca50faf5048ef4e3efa1cfe03f,brinquedos,toys,4959,139019,6
c2f1b4f5ac5eadeee6cab7083c334bd2,papelaria,stationery,3246,24128,3
ffeb6c91e36b0d9f88725ed7cf42dad1,telefonia,telephony,4059,45402,7
ecd8e1bffcced4bbbf9feee7c6e9efe6,brinquedos,toys,1372,148824,4
23eb77ce9dd1f9fc6ac1615d9dcdf59f,esporte_lazer,sports_leisure,4862,9842,2
9c1c9ac6ddcb8e7acebb5ffdbeb2cb1c,papelaria,stationery,961,39760,4
6ac1d5ae0cffd8e63c03bd71df57e2cf,esporte_lazer,sports_leisure,124,6450,3
a3dfbb5aa31b2342ea6be247caf56d11,esporte_lazer,sports_leisure,1821,49680,5
c8f6ebfffbf2c934dfe88cf8bbf49cbb,brinquedos,toys,3320,6900,7
27b1cf84a9ba0d9df1fdbfbedf8d0dbd,relogios_presentes,watches_gifts,316,102600,4
2a0fd1d93ee7efba38eed67c67ea1daf,utilidades_domesticas,housewares,4643,80028,5
78cfbeed23a9e8008b4ade063e2d5447,cama_mesa_banho,bed_bath_table,620,3234,2
88ccc4cc6d2edbcd434cfedae669a30d,utilidades_domesticas,housewares,2604,42480,4
ae29bd199ab5d42eba5851db1bad39f1,utilidades_domesticas,housewares,987,5148,2
f5720ca9d03e15778418f70fa0b75adc,perfumaria,perfumery,4154,16560,5
1bacf3adfacdd1c0a12f2addbad61e8d,relogios_presentes,watches_gifts,2184,17980,4
10b6bb4bf4c1e11529ca4b6dd47f07af,brinquedos,toys,4027,4368,3
e0d25dc6cbcd92e376b8d64db35fbdc5,moveis_decoracao,furniture_decor,871,69564,6
9db36f50cad6a8dec52d66fef5bb44cf,papelaria,stationery,3952,44200,2
b8ab38b10dafcf3cc0fd92aa4032f48b,papelaria,stationery,4424,11970,5
a96da6fd02ec9fc1fcbbf16b43cf2aa2,bebes,baby,2497,16170,7
bcd0440cb0fb4940a08e41eafc8f52f9,brinquedos,toys,4083,15750,4
bde54bfeffc7dd9638ac27bde94dbfa2,relogios_presentes,watches_gifts,1432,31416,1
3a5e2fcb7e9d7b7dd1d1fb58bbe3a14c,perfumaria,perfumery,4500,4536,1
03bd58c70271d6385f71e9bcc85d3cde,cama_mesa_banho,bed_bath_table,1699,26400,3
0e8fda4dd7a1affd88f11ac7d7bcddc8,perfumaria,perfumery,2714,35328,3
ccdda1c8c586e0b5a510f8bbb06efb90,telefonia,telephony,3520,34692,1
f2cdeee5ada57e2cfeb109ed17ccfcdd,cama_mesa_banho,bed_bath_table,1750,52026,6
fa8bceead512b2f6febcdfc6ebaada6c,informatica_acessorios,computers_accessories,4116,97020,3
e27e4beba4df9ef7ff2f34ec1beaa5b5,papelaria,stationery,3610,13325,2
1ccabfa3ead08c93eb12a9667b792eeb,moveis_decoracao,furniture_decor,4952,32200,6
abbaded4cf3ad35aff1a61f3ef427e25,telefonia,telephony,3110,54675,7
fce0d18c597ea0ced31fd3900df6ce26,papelaria,stationery,1656,6075,3
f270f8fbabb4c061b0affeeeb28ee4db,telefonia,telephony,470,9750,2
51f7a3aefbddc51cccabacfd6dd8df5d,moveis_decoracao,furniture_decor,1270,116560,7
541edcf0c25f22d9efbdf1c351efa178,bebes,baby,4095,118944,6
f9e40eaa3c5961ffcfad8222deea5d5c,relogios_presentes,watches_gifts,2747,33880,1
f9e50cdea4d1246b4bd4c45b1fb01fd4,relogios_presentes,watches_gifts,3495,84000,3
c25f9bc778d31aea5e7f2ab6f7b4c54b,ferramentas_jardim,garden_tools,3579,32832,1
4d9b5edb22e7f50f8b5faeda16a6b73d,automotivo,auto,3633,18360,4
adde53cbe7cf9e49cc38f18dbeff3f8d,esporte_lazer,sports_leisure,2441,16632,4
97ef9a09d220fdcbdcc35cf19eec95bd,relogios_presentes,watches_gifts,4261,5808,7
adefe38241818fda05c970d0b446e2df,eletrodomesticos,appliances,3693,7020,2
edcf2679a6fa0f9e47fafdb81d4c7efd,automotivo,auto,3963,36708,3
3abaae7b6a344defd9d1c9c601a8cd36,papelaria,stationery,1773,151164,4
76b85d93ebcff0cc6d3dcdcd4f7e546a,esporte_lazer,sports_leisure,532,58512,3
0255fb4cebdfbd22a2ea37f2e1b17e0d,papelaria,stationery,2953,5616,2
7a1dfcfbea8f7e3cb4cfe31eef971302,cama_mesa_banho,bed_bath_table,2514,84588,1
5f04fccd08a0e79c4fcd1a5be967a9b5,telefonia,telephony,3441,22365,3
d310eecf5e5adae1ae8d647edfacd9dc,perfumaria,perfumery,1854,24794,6
361ca624158c916780c60beadb6c7551,ferramentas_jardim,garden_tools,3456,11319,3
e0aa6b9e7cfeaad9e7941dddfd2882bd,papelaria,stationery,364,9936,2
ff4b2859b085cc9dc0158f91d3b08e4d,automotivo,auto,3502,155805,6
b41a224b7d6acfae0c0f174a0bbadbba,esporte_lazer,sports_leisure,3157,22176,4
7b15fb63c4ffd8b63dba4b3a679eadd7,esporte_lazer,sports_leisure,3877,23598,2
536cd9dceef6ceb7b8d8dcecdc9cefe9,ferramentas_jardim,garden_tools,1242,24300,4
04fa82c24d7bc1110cabaefbcccf68f4,ferramentas_jardim,garden_tools,3905,8932,1
acacba9f140878edcc82dc626ad01b3f,bebes,baby,1880,11700,6
cd18ade23cdc2d84c55aec3db5ce5b8b,utilidades_domesticas,housewares,2278,57387,4
d9cebdef6c0fadf2ced6d4debd0ddd17,papelaria,stationery,2404,121030,7
8f16ccf9bedff5ab8edd036fbddee32d,perfumaria,perfumery,1577,7040,3
d7badffa4b588ada2a5be61ac08bb54a,relogios_presentes,watches_gifts,1598,26733,5
c7a7b2d1bdaba0c6df0be424ab73f8dc,papelaria,stationery,929,19836,5
b0f34fb47af916bdc47a932f3757ea6a,moveis_decoracao,furniture_decor,4931,38556,4
ba8b3b59e3fe2db35a7e4dafd9ee4e76,relogios_presentes,watches_gifts,565,12160,4
de66fd515e7f3a1e8bcdd46466e13b2c,relogios_presentes,watches_gifts,176,14904,5
fc2c4dfda3c7efac3ac7cda5ddafdef3,esporte_lazer,sports_leisure,1228,155100,1
d855ac6dba0aeecbcf8afe5737e3bbfa,perfumaria,perfumery,2930,7056,4
c0c5a5d2b1ccbfec0b35fd65f74b52bc,cama_mesa_banho,bed_bath_table,360,5814,6
ae3d94bafaffd1599c87cbcb2f1ac51a,papelaria,stationery,904,105600,3
125f6ffaeb7098da22a3ab665c6f0856,beleza_saude,health_beauty,3292,8372,6
f4dcb347c0d7ddb80db27fa3998a528e,esporte_lazer,sports_leisure,1879,134160,5
776ddb9dcf33ef8aeac2c71d313a2d3e,ferramentas_jardim,garden_tools,2059,22040,3
65c092dbb3a506cb2406d2e5c80a09b3,informatica_acessorios,computers_accessories,4314,77760,1
d6dd90f6295c8d3afb9d87f70fc3df40,relogios_presentes,watches_gifts,3236,27520,5
7ded5bb87fe372bfaefbff4f2de15c7f,moveis_decoracao,furniture_decor,3626,58275,2
0fba7be5bd4bffb9af1c85d4333b0bbe,ferramentas_jardim,garden_tools,663,16800,4
b13f6a38c9a7cabe1bcbf4aac76fffb9,brinquedos,toys,2216,80520,5
119aa4ca1eecef979c78d45e7a26b8bc,moveis_decoracao,furniture_decor,3774,43350,4
a11afc88fc4a71fcb6899cf7bfe61ecb,moveis_decoracao,furniture_decor,1680,40986,5
2e3e1d34c8d04e9eebfb65fa390aef5c,eletrodomesticos,appliances,3450,30294,1
b79ca6dfe2ed16a03b0abebc6cdfbffb,brinquedos,toys,2820,51968,4
cbbdcb8ece566f71caba03a994d4b707,papelaria,stationery,4363,104832,3
74c2f1a62df70c66e68fb029eb5dfac9,bebes,baby,3904,47200,5
fef7ddeae02ae2b28ad02a5fbd0cc936,eletrodomesticos,appliances,3949,12636,2
e6d9fadf62a889e926bc0c9a4fb369e1,esporte_lazer,sports_leisure,3386,78732,6
ac6db15cfc01c6cfce254986beaccb7b,informatica_acessorios,computers_accessories,1773,87032,3
5c774beeea22e9aead015cb8acaced0f,ferramentas_jardim,garden_tools,4259,50544,2
f8ff8341d7e4ee93de8e93ad5e4dd4b7,beleza_saude,health_beauty,3220,11040,7
9cf75f95b536f30be7cd8fbfed1ebc90,eletrodomesticos,appliances,2026,16250,1
0eaca471a9cbd7e0c5e876d02eb841bd,informatica_acessorios,computers_accessories,1476,12512,1
9a640b1eae60ab25668a5eab78c29689,utilidades_domesticas,housewares,4301,27216,1
5cd7b0b52d53103bbcbdbbcddd7dbfb1,telefonia,telephony,4442,19980,2
b1fb9cf7017d4f4c9ebd8ecba07cad0a,brinquedos,toys,1792,98560,4
a2231fe42e2aacfee3a0d3a8b27bea64,perfumaria,perfumery,1044,13888,6
aed6cf3b4c3edffeebe5350f9a54fb3c,ferramentas_jardim,garden_tools,1668,53095,2
7de50fab1aacc6dbbf27edef5b8c53eb,bebes,baby,1133,14100,4
9cd7fc1edae7212a602c2f0522364a98,bebes,baby,2603,24675,6
0ce9d391f2b6f3de9633d20ceab2caa4,informatica_acessorios,computers_accessories,1489,86625,7
dd0f0b5ba9ac7c88dbcd7181f26df38c,cama_mesa_banho,bed_bath_table,2085,10488,1
261c8faeefa3ab7d275a99edf10236a5,perfumaria,perfumery,1898,31200,2
c0664d7a7c6bd1eccaf278c2ec081a50,cama_mesa_banho,bed_bath_table,4186,64400,3
cbcac696a282aad1ccee1bfbda413716,bebes,baby,1158,36848,4
0cf2a1f99a6bc7adf1f94421de4551af,ferramentas_jardim,garden_tools,1739,75645,7
70dda81ccafbe979c5ba6cb16ad5dff6,brinquedos,toys,4453,10368,7
fe6a0abf5c93969555bda9e4c3dfa687,esporte_lazer,sports_leisure,2000,42504,7
10d7faa953ee76de391f2c219fbb77d9,cama_mesa_banho,bed_bath_table,3209,47520,5
f9c11fe4dede018caaa3f530cc71dc79,papelaria,stationery,2263,9240,4
a80cebe8c1f6d9bbbef73ab5e06c5bfe,bebes,baby,2435,5120,6
5a8ea48fff6ec74ac8b2f7cfaeefd51b,relogios_presentes,watches_gifts,4732,43200,2
abdabc7007aad718b6c4efbaf1eff9ab,automotivo,auto,4739,10660,3
9b39ec6fb844a3abaf9072fa6ddc332f,bebes,baby,4236,95931,1
da79b6f577affa21ea3efea4e8f5261f,beleza_saude,health_beauty,1592,56457,2
8facd0efb2ef8ed9f43f0edbce6ed5fa,automotivo,auto,3756,12540,1
303eaefe2ad6d3baf9c0cdd1c0c60210,relogios_presentes,watches_gifts,2660,183195,3
e1a62d54cc7900b2e2a76eab2fbfcdd3,eletrodomesticos,appliances,4116,89621,3
ceae8ffda8cd0cfda67ee97ac586877a,moveis_decoracao,furniture_decor,3939,43776,6
748b0ed617cdd23ad0cefab86e72cf2a,brinquedos,toys,2191,20757,6
df6ee806a5e8ade76d662ee226ed4fca,perfumaria,perfumery,3923,18810,4
adadefbeefb7bee26ed74b66b1c5be74,telefonia,telephony,567,57240,7
cadc7cabf9eaf6b510af27fccb3b8de0,esporte_lazer,sports_leisure,4099,40920,7
b4db0e0ef4188ac30db8e2a1a412e4bc,esporte_lazer,sports_leisure,4918,780,4
761dd4e7aed00b7a440a11bfbc09fb6d,cama_mesa_banho,bed_bath_table,1286,5859,5
ccde2e3d3d8bc266d12be238ad669805,relogios_presentes,watches_gifts,2322,105307,5
546a14a6cffc9feefe35a4da6a97f0f1,beleza_saude,health_beauty,2544,87500,2
e6fdcdb3dcbecfe2cf38d709feaf1e9d,beleza_saude,health_beauty,678,68850,4
26afb29cb8bf1bbb76f0bba1feb9fb2f,ferramentas_jardim,garden_tools,648,83952,6
0e1c32fcedfca2a8e1bf4eae2cbfff7f,eletrodomesticos,appliances,2938,46200,1
7bbbf318f14ce1fff56de0feb5affc19,moveis_decoracao,furniture_decor,4188,30780,3
cbfe2eaf2431aa383d233a13b709fc12,perfumaria,perfumery,848,43758,2
9cc0abca6c67b6a5f13c8347f7b48934,cama_mesa_banho,bed_bath_table,242,30888,7
dccab2e75aab5a8221d540febf50af82,telefonia,telephony,3377,64575,3
df1a483e8e7d8fe3addbc5f816ef9e12,esporte_lazer,sports_leisure,1461,17280,3
acbf13dc392fa8f6e5af0bfa4adfaf7e,relogios_presentes,watches_gifts,2421,18144,7
0df636f4dd6ee49bef5afd75b0cedcb0,moveis_decoracao,furniture_decor,2645,15022,7
fd8ef89bbfdba36dfcc8ca5d43c095be,ferramentas_jardim,garden_tools,158,40545,5
eef9fde3dfb708cf44cbff56bcd3196f,utilidades_domesticas,housewares,2270,69960,4
6f2fa620d1a3ed8c60fb0dade3edc35d,bebes,baby,224,15265,4
c6addceedf7a88cddbfcdb6cfed45ace,moveis_decoracao,furniture_decor,228,25004,3
495e0dfa2da48ddcd79aca0b694e5e8c,telefonia,telephony,2931,12040,7
af12ee9ef76d45feb1be0eec3a06df47,bebes,baby,189,46332,1
d0dcdd2c3fbc7fce4027da2dc1ef9f83,cama_mesa_banho,bed_bath_table,1022,106436,2
3fb7282cb5dea49f25d4b92a1cbb3d9a,eletrodomesticos,appliances,4254,7216,5
af6accd0e0fddfe298a140e59c748fcb,relogios_presentes,watches_gifts,2498,16422,3
67b7246ae7ae90b914fc6b0fddf9aec8,perfumaria,perfumery,2504,90153,3
9e7aaf657dbdaee6d6c56121c4ed8ff8,automotivo,auto,3726,44352,7
5fc8fd2e5f3f3aacaaabc77d270b58fc,informatica_acessorios,computers_accessories,604,30360,5
37cc17e6cb0b77ac616d032ce2b0bfcc,cama_mesa_banho,bed_bath_table,4824,111300,4
5a7fd5bdd81a6af0017b5caab14c82ca,automotivo,auto,124,108416,7
bf8abc2ed6bdd10d39fbc62b029d75be,automotivo,auto,1262,29127,2
0bcd4db534a09f62b5b7b60acfeefbe7,moveis_decoracao,furniture_decor,336,27648,6
8d24fcb2c0e58cbe9eda5a45f6af2cf2,utilidades_domesticas,housewares,3508,62540,1
3322741d6c5e6b59ee76c2dcf66de2c4,automotivo,auto,4670,9477,2
e0d3b58bfba7aedccfb584e4d1f2e1f9,telefonia,telephony,1131,23004,7
9417022a0769fcacf2b9fdebdeb54bc7,brinquedos,toys,3060,122430,2
673d649fdac05d27b3d7bb3c13515541,perfumaria,perfumery,3211,12160,1
fc570ba84e64dfdebe391ead4cbdd17b,papelaria,stationery,4676,71604,7
4f4bf8ea967eed46ffefe3c49aba4768,ferramentas_jardim,garden_tools,2462,75576,4
3aff27b741c9bafc23af1e38eae820f3,perfumaria,perfumery,1907,8008,2
f2f2eebbba7f4f879da7f419dffa1240,bebes,baby,1901,48600,2
fbbff4d39433eae4e2bec953e2ac355d,informatica_acessorios,computers_accessories,4019,23625,3
e3bfccdb3b1aa514b81b661ac24a1a27,utilidades_domesticas,housewares,2707,135546,6
af0263bf017dc51b8b67b277c12f8cc4,automotivo,auto,4503,75900,6
ac4767ccb0bf5d6cf8a5ef80aafdecd8,relogios_presentes,watches_gifts,1822,146400,6
fdb8cf9f5af1b4ecba1cee07ec457e6f,esporte_lazer,sports_leisure,4691,7752,2
a959d6cdccefceab2d45b96758e5bef7,relogios_presentes,watches_gifts,116,55968,3
ab5beb85d0f9ac3769bb2b6fc0ceaffa,eletrodomesticos,appliances,987,1176,6
2d2b7afaaf4bf7edffbd8647a58abdb2,relogios_presentes,watches_gifts,2999,92400,4
ad203eaeb4faccf60964ed96ff8bfc37,perfumaria,perfumery,3831,44096,7
8a38ddf3a1e7010bbaa16057dcc5b5ee,relogios_presentes,watches_gifts,626,12672,6
2fbca44e3d9e5a141f1ae41563bcbd8b,beleza_saude,health_beauty,729,17020,4
affbd8db3aedf6d692d9cedcb04cec67,utilidades_domesticas,housewares,261,19488,7
72cf8e8a535aa28efccced33bdd328c0,bebes,baby,4483,100548,2
